id,character,dialog,next_event_id,next_event,name,chapter
1083,LIRIA,"Uh... Do you feel it too, @NAME?",1084,CONVERSATION,EXT. CAMINO REAL - AMANECER 1,21 EXT. CAMINO REAL - AMANECER
1084,LIRIA,The air feels... rarefied.,1085,CONVERSATION,EXT. CAMINO REAL - AMANECER 2,21 EXT. CAMINO REAL - AMANECER
1085,LIRIA,Like it's charged.,1086,CONVERSATION,EXT. CAMINO REAL - AMANECER 3,21 EXT. CAMINO REAL - AMANECER
1086,LIRIA,I was hoping that getting away from Vigilaris would give us a bit more peace.,1087,CONVERSATION,EXT. CAMINO REAL - AMANECER 4,21 EXT. CAMINO REAL - AMANECER
1087,LIRIA,"After all, we've left Holdric behind, and the city in good hands.",1088,CONVERSATION,EXT. CAMINO REAL - AMANECER 5,21 EXT. CAMINO REAL - AMANECER
1088,LIRIA,But... couldn't be further from the truth.,1089,CONVERSATION,EXT. CAMINO REAL - AMANECER 6,21 EXT. CAMINO REAL - AMANECER
1089,LIRIA,"Order may feel like a relief at first, but after a while...",1090,CONVERSATION,EXT. CAMINO REAL - AMANECER 7,21 EXT. CAMINO REAL - AMANECER
1090,LIRIA,It only makes the scars more obvious.,1091,CONVERSATION,EXT. CAMINO REAL - AMANECER 8,21 EXT. CAMINO REAL - AMANECER
1091,LIRIA,All this silence... isn't peace.,1092,CONVERSATION,EXT. CAMINO REAL - AMANECER 9,21 EXT. CAMINO REAL - AMANECER
1092,LIRIA,It's the harbinger of a storm.,1093,CONVERSATION,EXT. CAMINO REAL - AMANECER 10,21 EXT. CAMINO REAL - AMANECER
1093,LIRIA,Look at the clouds. They're suspended.,1094,CONVERSATION,EXT. CAMINO REAL - AMANECER 11,21 EXT. CAMINO REAL - AMANECER
1094,LIRIA,Trapped as they waver between becoming a tempest or a downpour.,1095,CONVERSATION,EXT. CAMINO REAL - AMANECER 12,21 EXT. CAMINO REAL - AMANECER
1095,LIRIA,...,1096,CONVERSATION,EXT. CAMINO REAL - AMANECER 13,21 EXT. CAMINO REAL - AMANECER
1096,LIRIA,"Sorry, I know I'm rambling.",1097,CONVERSATION,EXT. CAMINO REAL - AMANECER 14,21 EXT. CAMINO REAL - AMANECER
1097,LIRIA,"Everything gives me the feeling of a still, apathetic anxiety.",1098,CONVERSATION,EXT. CAMINO REAL - AMANECER 15,21 EXT. CAMINO REAL - AMANECER
1098,LIRIA,Wanting to be without taking action.,1099,CONVERSATION,EXT. CAMINO REAL - AMANECER 16,21 EXT. CAMINO REAL - AMANECER
1099,LIRIA,"And... I think, in some way, that resonates with me...",1100,CONVERSATION,EXT. CAMINO REAL - AMANECER 17,21 EXT. CAMINO REAL - AMANECER
1100,LIRIA,... But I didn't want to lose focus.,1101,CONVERSATION,EXT. CAMINO REAL - AMANECER 18,21 EXT. CAMINO REAL - AMANECER
1101,LIRIA,"Come on, @NAME. Let's get moving again.",,END,EXT. CAMINO REAL - AMANECER 19,21 EXT. CAMINO REAL - AMANECER
2184,LIRIA,Yuck…,2185,CONVERSATION,EXT. BOSQUE PERIFÉRICO - AMANECER 1,22 EXT. BOSQUE PERIFÉRICO - AMANECER
2185,LIRIA,"@NAME, look at this.",2186,CONVERSATION,EXT. BOSQUE PERIFÉRICO - AMANECER 2,22 EXT. BOSQUE PERIFÉRICO - AMANECER
2186,LIRIA,The ground is getting… sticky.,2187,CONVERSATION,EXT. BOSQUE PERIFÉRICO - AMANECER 3,22 EXT. BOSQUE PERIFÉRICO - AMANECER
2187,LIRIA,And it's not mud….,2188,CONVERSATION,EXT. BOSQUE PERIFÉRICO - AMANECER 4,22 EXT. BOSQUE PERIFÉRICO - AMANECER
2188,LIRIA,It's… resin?,2189,CONVERSATION,EXT. BOSQUE PERIFÉRICO - AMANECER 5,22 EXT. BOSQUE PERIFÉRICO - AMANECER
2189,LIRIA,It seems to come from the trees' roots.,2190,CONVERSATION,EXT. BOSQUE PERIFÉRICO - AMANECER 6,22 EXT. BOSQUE PERIFÉRICO - AMANECER
2190,LIRIA,But… why?,2191,CONVERSATION,EXT. BOSQUE PERIFÉRICO - AMANECER 7,22 EXT. BOSQUE PERIFÉRICO - AMANECER
2191,LIRIA,Why would these trees expel their own healing sap by themselves?,2192,CONVERSATION,EXT. BOSQUE PERIFÉRICO - AMANECER 8,22 EXT. BOSQUE PERIFÉRICO - AMANECER
2192,LIRIA,Could they be… producing more than they should be producing?,2193,CONVERSATION,EXT. BOSQUE PERIFÉRICO - AMANECER 9,22 EXT. BOSQUE PERIFÉRICO - AMANECER
2193,LIRIA,How curious…,2194,CONVERSATION,EXT. BOSQUE PERIFÉRICO - AMANECER 10,22 EXT. BOSQUE PERIFÉRICO - AMANECER
2194,LIRIA,It feels as if the passage of time were crushing them.,2195,CONVERSATION,EXT. BOSQUE PERIFÉRICO - AMANECER 11,22 EXT. BOSQUE PERIFÉRICO - AMANECER
2195,LIRIA,Forcing them to shed their own vital substances…,2196,CONVERSATION,EXT. BOSQUE PERIFÉRICO - AMANECER 12,22 EXT. BOSQUE PERIFÉRICO - AMANECER
2196,LIRIA,… simply because they produce far more than they can use.,2197,CONVERSATION,EXT. BOSQUE PERIFÉRICO - AMANECER 13,22 EXT. BOSQUE PERIFÉRICO - AMANECER
2197,LIRIA,"Let's keep going, @NAME.",2198,CONVERSATION,EXT. BOSQUE PERIFÉRICO - AMANECER 14,22 EXT. BOSQUE PERIFÉRICO - AMANECER
2198,LIRIA,But let's move calmly and carefully.,2199,CONVERSATION,EXT. BOSQUE PERIFÉRICO - AMANECER 15,22 EXT. BOSQUE PERIFÉRICO - AMANECER
2199,LIRIA,"The more we try to run, the more we'll end up trapped by this forest.",,END,EXT. BOSQUE PERIFÉRICO - AMANECER 16,22 EXT. BOSQUE PERIFÉRICO - AMANECER
3282,LIRIA,Ugh...,3283,CONVERSATION,EXT. BOSQUE PERIFÉRICO II - AMANECER 1,23 EXT. BOSQUE PERIFÉRICO II - AMANECER
3283,LIRIA,"@NAME, are you okay?",3284,CONVERSATION,EXT. BOSQUE PERIFÉRICO II - AMANECER 2,23 EXT. BOSQUE PERIFÉRICO II - AMANECER
3284,LIRIA,What exhausting enemies...,3285,CONVERSATION,EXT. BOSQUE PERIFÉRICO II - AMANECER 3,23 EXT. BOSQUE PERIFÉRICO II - AMANECER
3285,LIRIA,Facing them is like trying to read a book in a junk shop.,3286,CONVERSATION,EXT. BOSQUE PERIFÉRICO II - AMANECER 4,23 EXT. BOSQUE PERIFÉRICO II - AMANECER
3286,LIRIA,Still... I admit I feel a bit of compassion for them.,3287,CONVERSATION,EXT. BOSQUE PERIFÉRICO II - AMANECER 5,23 EXT. BOSQUE PERIFÉRICO II - AMANECER
3287,LIRIA,"For a moment, I felt like they needed to beat us.",3288,CONVERSATION,EXT. BOSQUE PERIFÉRICO II - AMANECER 6,23 EXT. BOSQUE PERIFÉRICO II - AMANECER
3288,LIRIA,They needed that victory.,3289,CONVERSATION,EXT. BOSQUE PERIFÉRICO II - AMANECER 7,23 EXT. BOSQUE PERIFÉRICO II - AMANECER
3289,LIRIA,But we can't take risks right now...,3290,CONVERSATION,EXT. BOSQUE PERIFÉRICO II - AMANECER 8,23 EXT. BOSQUE PERIFÉRICO II - AMANECER
3290,LIRIA,One wrong step could leave us out of action for far too long.,3291,CONVERSATION,EXT. BOSQUE PERIFÉRICO II - AMANECER 9,23 EXT. BOSQUE PERIFÉRICO II - AMANECER
3291,LIRIA,"And right now, time is running out.",3292,CONVERSATION,EXT. BOSQUE PERIFÉRICO II - AMANECER 10,23 EXT. BOSQUE PERIFÉRICO II - AMANECER
3292,LIRIA,Maybe in the future we can stop and talk to some of them.,3293,CONVERSATION,EXT. BOSQUE PERIFÉRICO II - AMANECER 11,23 EXT. BOSQUE PERIFÉRICO II - AMANECER
3293,LIRIA,"Maybe that way, no one will have to suffer the bitterness of defeat.",,END,EXT. BOSQUE PERIFÉRICO II - AMANECER 12,23 EXT. BOSQUE PERIFÉRICO II - AMANECER
3294,LIRIA,"Hey, look up there.",3295,CONVERSATION,EXT. BOSQUE PERIFÉRICO - AMANECER 1,24 EXT. BOSQUE PERIFÉRICO - AMANECER
3295,LIRIA,See that substance dripping from the upper branches?,3296,CONVERSATION,EXT. BOSQUE PERIFÉRICO - AMANECER 2,24 EXT. BOSQUE PERIFÉRICO - AMANECER
3296,LIRIA,"Across Mindveil, it goes by many names...",3297,CONVERSATION,EXT. BOSQUE PERIFÉRICO - AMANECER 3,24 EXT. BOSQUE PERIFÉRICO - AMANECER
3297,LIRIA,"Though maybe the most common is ""Tear of Torpor"".",3298,CONVERSATION,EXT. BOSQUE PERIFÉRICO - AMANECER 4,24 EXT. BOSQUE PERIFÉRICO - AMANECER
3298,LIRIA,They say some corrupt alchemists collect it to distill Elixirs of Euphoria...,3299,CONVERSATION,EXT. BOSQUE PERIFÉRICO - AMANECER 5,24 EXT. BOSQUE PERIFÉRICO - AMANECER
3299,LIRIA,"Apparently, a single drop of these elixirs can make anyone feel an unparalleled sense of ecstasy.",3300,CONVERSATION,EXT. BOSQUE PERIFÉRICO - AMANECER 6,24 EXT. BOSQUE PERIFÉRICO - AMANECER
3300,LIRIA,"As if you'd achieved all your goals at once, in a matter of seconds.",3301,CONVERSATION,EXT. BOSQUE PERIFÉRICO - AMANECER 7,24 EXT. BOSQUE PERIFÉRICO - AMANECER
3301,LIRIA,But don't let that feeling fool you...,3302,CONVERSATION,EXT. BOSQUE PERIFÉRICO - AMANECER 8,24 EXT. BOSQUE PERIFÉRICO - AMANECER
3302,LIRIA,That's exactly what makes them sweet poisons.,3303,CONVERSATION,EXT. BOSQUE PERIFÉRICO - AMANECER 9,24 EXT. BOSQUE PERIFÉRICO - AMANECER
3303,LIRIA,"Once you've tried them, it's hard not to develop a dependence on them...",3304,CONVERSATION,EXT. BOSQUE PERIFÉRICO - AMANECER 10,24 EXT. BOSQUE PERIFÉRICO - AMANECER
3304,LIRIA,...or to accept sacrifice as something necessary for satisfaction ever again.,3305,CONVERSATION,EXT. BOSQUE PERIFÉRICO - AMANECER 11,24 EXT. BOSQUE PERIFÉRICO - AMANECER
3305,LIRIA,Anyway... I think that makes my opinion on the matter clear.,3306,CONVERSATION,EXT. BOSQUE PERIFÉRICO - AMANECER 12,24 EXT. BOSQUE PERIFÉRICO - AMANECER
3306,LIRIA,"The farther we stay from these substances, the better!",3307,CONVERSATION,EXT. BOSQUE PERIFÉRICO - AMANECER 13,24 EXT. BOSQUE PERIFÉRICO - AMANECER
3307,LIRIA,I assure you that in the future we'll be able to feel just as ecstatic without having to turn to them.,3308,CONVERSATION,EXT. BOSQUE PERIFÉRICO - AMANECER 14,24 EXT. BOSQUE PERIFÉRICO - AMANECER
3308,LIRIA,And more importantly: by our own merits.,,END,EXT. BOSQUE PERIFÉRICO - AMANECER 15,24 EXT. BOSQUE PERIFÉRICO - AMANECER
4391,LIRIA,"Hey, @NAME...",4392,CONVERSATION,EXT. CAMINO REAL II - AMANECER 1,25 EXT. CAMINO REAL II - AMANECER
4392,LIRIA,I should take advantage of these moments to tell you more about Mindveil's current state.,4393,CONVERSATION,EXT. CAMINO REAL II - AMANECER 2,25 EXT. CAMINO REAL II - AMANECER
4393,LIRIA,"After all, I'm your guide, right?",4394,CONVERSATION,EXT. CAMINO REAL II - AMANECER 3,25 EXT. CAMINO REAL II - AMANECER
4394,LIRIA,"Let's see, let me think...",4395,CONVERSATION,EXT. CAMINO REAL II - AMANECER 4,25 EXT. CAMINO REAL II - AMANECER
4395,LIRIA,There's a detail that's been with us since you arrived.,4396,CONVERSATION,EXT. CAMINO REAL II - AMANECER 5,25 EXT. CAMINO REAL II - AMANECER
4396,LIRIA,...And I'm sure you haven't overlooked it.,4397,CONVERSATION,EXT. CAMINO REAL II - AMANECER 6,25 EXT. CAMINO REAL II - AMANECER
4397,LIRIA,"The monsters here are very, very restless.",4398,CONVERSATION,EXT. CAMINO REAL II - AMANECER 7,25 EXT. CAMINO REAL II - AMANECER
4398,LIRIA,It's as if they're afraid of being frozen in place.,4399,CONVERSATION,EXT. CAMINO REAL II - AMANECER 8,25 EXT. CAMINO REAL II - AMANECER
4399,LIRIA,But the most interesting thing is that it isn't something exclusive to the monsters.,4400,CONVERSATION,EXT. CAMINO REAL II - AMANECER 9,25 EXT. CAMINO REAL II - AMANECER
4400,LIRIA,"People can't rest either, not even in the most critical moments.",4401,CONVERSATION,EXT. CAMINO REAL II - AMANECER 10,25 EXT. CAMINO REAL II - AMANECER
4401,LIRIA,"Remember how eager that royal guard at the castle was to get back to his duties, after days shut in...",4402,CONVERSATION,EXT. CAMINO REAL II - AMANECER 11,25 EXT. CAMINO REAL II - AMANECER
4402,LIRIA,Without even resting.,4403,CONVERSATION,EXT. CAMINO REAL II - AMANECER 12,25 EXT. CAMINO REAL II - AMANECER
4403,LIRIA,"It's as if by doing more, they felt freer, or in tune with what's expected of them.",4404,CONVERSATION,EXT. CAMINO REAL II - AMANECER 13,25 EXT. CAMINO REAL II - AMANECER
4404,LIRIA,"As if satisfaction were always in the next step, the next object, the next encounter.",4405,CONVERSATION,EXT. CAMINO REAL II - AMANECER 14,25 EXT. CAMINO REAL II - AMANECER
4405,LIRIA,An endless race against their very selves.,4406,CONVERSATION,EXT. CAMINO REAL II - AMANECER 15,25 EXT. CAMINO REAL II - AMANECER
4406,LIRIA,I know all of this is kind of sad...,4407,CONVERSATION,EXT. CAMINO REAL II - AMANECER 16,25 EXT. CAMINO REAL II - AMANECER
4407,LIRIA,But maybe we can make use of it somehow.,4408,CONVERSATION,EXT. CAMINO REAL II - AMANECER 17,25 EXT. CAMINO REAL II - AMANECER
4408,LIRIA,Let's keep it in mind the next time we have to negotiate with someone... or put down some creature.,,END,EXT. CAMINO REAL II - AMANECER 18,25 EXT. CAMINO REAL II - AMANECER
5491,LIRIA,@NAME… Look at the horizon.,5492,CONVERSATION,EXT. COLINA DEL VIGÍA - AMANECER 1,26 EXT. COLINA DEL VIGÍA - AMANECER
5492,LIRIA,Do you see those distant flashes?,5493,CONVERSATION,EXT. COLINA DEL VIGÍA - AMANECER 2,26 EXT. COLINA DEL VIGÍA - AMANECER
5493,LIRIA,I think that…,5494,CONVERSATION,EXT. COLINA DEL VIGÍA - AMANECER 3,26 EXT. COLINA DEL VIGÍA - AMANECER
5494,LIRIA,I think they match the location of Hushgrove.,5495,CONVERSATION,EXT. COLINA DEL VIGÍA - AMANECER 4,26 EXT. COLINA DEL VIGÍA - AMANECER
5495,LIRIA,And they don't look like torch fire… or mana crystals…,5496,CONVERSATION,EXT. COLINA DEL VIGÍA - AMANECER 5,26 EXT. COLINA DEL VIGÍA - AMANECER
5496,LIRIA,Ah…,5497,CONVERSATION,EXT. COLINA DEL VIGÍA - AMANECER 6,26 EXT. COLINA DEL VIGÍA - AMANECER
5497,LIRIA,It can't be…,5498,CONVERSATION,EXT. COLINA DEL VIGÍA - AMANECER 7,26 EXT. COLINA DEL VIGÍA - AMANECER
5498,LIRIA,I can't believe the horde is already there.,5499,CONVERSATION,EXT. COLINA DEL VIGÍA - AMANECER 8,26 EXT. COLINA DEL VIGÍA - AMANECER
5499,LIRIA,But all that artifice… It can't be anything else.,5500,CONVERSATION,EXT. COLINA DEL VIGÍA - AMANECER 9,26 EXT. COLINA DEL VIGÍA - AMANECER
5500,LIRIA,"@NAME, be careful with your perception from here on.",5501,CONVERSATION,EXT. COLINA DEL VIGÍA - AMANECER 10,26 EXT. COLINA DEL VIGÍA - AMANECER
5501,LIRIA,"It's possible that, as we get closer to the village, you'll feel your senses overwhelmed.",5502,CONVERSATION,EXT. COLINA DEL VIGÍA - AMANECER 11,26 EXT. COLINA DEL VIGÍA - AMANECER
5502,LIRIA,All those lights and stimuli…,5503,CONVERSATION,EXT. COLINA DEL VIGÍA - AMANECER 12,26 EXT. COLINA DEL VIGÍA - AMANECER
5503,LIRIA,They hurt just to look at.,5504,CONVERSATION,EXT. COLINA DEL VIGÍA - AMANECER 13,26 EXT. COLINA DEL VIGÍA - AMANECER
5504,LIRIA,It'll be hard to fight in that state.,5505,CONVERSATION,EXT. COLINA DEL VIGÍA - AMANECER 14,26 EXT. COLINA DEL VIGÍA - AMANECER
5505,LIRIA,"But, in those moments of weakness, we must make a conscious effort to isolate ourselves from the outside.",5506,CONVERSATION,EXT. COLINA DEL VIGÍA - AMANECER 15,26 EXT. COLINA DEL VIGÍA - AMANECER
5506,LIRIA,Focus our attention. Look the fire in the eye.,5507,CONVERSATION,EXT. COLINA DEL VIGÍA - AMANECER 16,26 EXT. COLINA DEL VIGÍA - AMANECER
5507,LIRIA,"If at any moment you need help, fix your focus on me or on our objective.",5508,CONVERSATION,EXT. COLINA DEL VIGÍA - AMANECER 17,26 EXT. COLINA DEL VIGÍA - AMANECER
5508,LIRIA,I'll be by your side when you need me.,,END,EXT. COLINA DEL VIGÍA - AMANECER 18,26 EXT. COLINA DEL VIGÍA - AMANECER
6591,LIRIA,"Alright, @NAME... We've arrived.",6592,CONVERSATION,EXT. PUERTAS DE LA ALDEA - AMANECER 1,27 EXT. PUERTAS DE LA ALDEA - AMANECER
6592,LIRIA,We're at the gates of Hushgrove.,6593,CONVERSATION,EXT. PUERTAS DE LA ALDEA - AMANECER 2,27 EXT. PUERTAS DE LA ALDEA - AMANECER
6593,LIRIA,"Look at all those lights, see how the village radiates heat...",6594,CONVERSATION,EXT. PUERTAS DE LA ALDEA - AMANECER 3,27 EXT. PUERTAS DE LA ALDEA - AMANECER
6594,LIRIA,"Listen to the footsteps, the creaks, the knocks against the rock.",6595,CONVERSATION,EXT. PUERTAS DE LA ALDEA - AMANECER 4,27 EXT. PUERTAS DE LA ALDEA - AMANECER
6595,LIRIA,There's no doubt the horde is still in there...,6596,CONVERSATION,EXT. PUERTAS DE LA ALDEA - AMANECER 5,27 EXT. PUERTAS DE LA ALDEA - AMANECER
6596,LIRIA,Though I hope the whole village has already gotten to safety.,6597,CONVERSATION,EXT. PUERTAS DE LA ALDEA - AMANECER 6,27 EXT. PUERTAS DE LA ALDEA - AMANECER
6597,LIRIA,"Either way, we need to check as soon as possible.",6598,CONVERSATION,EXT. PUERTAS DE LA ALDEA - AMANECER 7,27 EXT. PUERTAS DE LA ALDEA - AMANECER
6598,LIRIA,"Are you ready to step into the hornet's nest, @NAME?",6599,CONVERSATION,EXT. PUERTAS DE LA ALDEA - AMANECER 8,27 EXT. PUERTAS DE LA ALDEA - AMANECER
6599,LIRIA,"Once we go in, silence will be a luxury we can't afford.",6600,CONVERSATION,EXT. PUERTAS DE LA ALDEA - AMANECER 9,27 EXT. PUERTAS DE LA ALDEA - AMANECER
6600,JUGADOR,Attack!,6601,CONVERSATION,EXT. PUERTAS DE LA ALDEA - AMANECER 10,27 EXT. PUERTAS DE LA ALDEA - AMANECER
6601,LIRIA,That's what I like to hear!,6602,CONVERSATION,EXT. PUERTAS DE LA ALDEA - AMANECER 11,27 EXT. PUERTAS DE LA ALDEA - AMANECER
6602,LIRIA,"With that attitude, and with my unquestionable power...",6603,CONVERSATION,EXT. PUERTAS DE LA ALDEA - AMANECER 12,27 EXT. PUERTAS DE LA ALDEA - AMANECER
6603,LIRIA,There will be nothing and no one in there that can stand against us!,,END,EXT. PUERTAS DE LA ALDEA - AMANECER 13,27 EXT. PUERTAS DE LA ALDEA - AMANECER
6604,JUGADOR,I need to do something first.,6605,CONVERSATION,EXT. PUERTAS DE LA ALDEA - AMANECER 14,27 EXT. PUERTAS DE LA ALDEA - AMANECER
6605,LIRIA,"I understand, @NAME.",6606,CONVERSATION,EXT. PUERTAS DE LA ALDEA - AMANECER 15,27 EXT. PUERTAS DE LA ALDEA - AMANECER
6606,LIRIA,I think it's worth making sure we're well prepared for this raid.,6607,CONVERSATION,EXT. PUERTAS DE LA ALDEA - AMANECER 16,27 EXT. PUERTAS DE LA ALDEA - AMANECER
6607,LIRIA,One small mistake... and it could be our last.,6608,CONVERSATION,EXT. PUERTAS DE LA ALDEA - AMANECER 17,27 EXT. PUERTAS DE LA ALDEA - AMANECER
6608,LIRIA,Let me know when you're ready.,6609,CONVERSATION,EXT. PUERTAS DE LA ALDEA - AMANECER 18,27 EXT. PUERTAS DE LA ALDEA - AMANECER
6609,LIRIA,Although...,6610,CONVERSATION,EXT. PUERTAS DE LA ALDEA - AMANECER 19,27 EXT. PUERTAS DE LA ALDEA - AMANECER
6610,LIRIA,"Before we set foot in there, I have to confess something.",6611,CONVERSATION,EXT. PUERTAS DE LA ALDEA - AMANECER 20,27 EXT. PUERTAS DE LA ALDEA - AMANECER
6611,LIRIA,It's complicated... but I'll be quick.,6612,CONVERSATION,EXT. PUERTAS DE LA ALDEA - AMANECER 21,27 EXT. PUERTAS DE LA ALDEA - AMANECER
6612,LIRIA,"As we drew closer to the village, I felt something inside me that wasn't working the way it should.",6613,CONVERSATION,EXT. PUERTAS DE LA ALDEA - AMANECER 22,27 EXT. PUERTAS DE LA ALDEA - AMANECER
6613,LIRIA,"Honestly, I was burning with the desire to arrive.",6614,CONVERSATION,EXT. PUERTAS DE LA ALDEA - AMANECER 23,27 EXT. PUERTAS DE LA ALDEA - AMANECER
6614,LIRIA,"But truth be told, it was becoming less and less genuine worry for the village...",6615,CONVERSATION,EXT. PUERTAS DE LA ALDEA - AMANECER 24,27 EXT. PUERTAS DE LA ALDEA - AMANECER
6615,LIRIA,"...and more an overwhelming curiosity to find out what had happened to them, and to the horde.",6616,CONVERSATION,EXT. PUERTAS DE LA ALDEA - AMANECER 25,27 EXT. PUERTAS DE LA ALDEA - AMANECER
6616,LIRIA,"I knew the village was in trouble, and yet my mind only craved knowledge.",6617,CONVERSATION,EXT. PUERTAS DE LA ALDEA - AMANECER 26,27 EXT. PUERTAS DE LA ALDEA - AMANECER
6617,LIRIA,Knowing what we're up against. What the people of the town faced. Seeing something new.,6618,CONVERSATION,EXT. PUERTAS DE LA ALDEA - AMANECER 27,27 EXT. PUERTAS DE LA ALDEA - AMANECER
6618,LIRIA,"But I know myself, and I know I'm not like that.",6619,CONVERSATION,EXT. PUERTAS DE LA ALDEA - AMANECER 28,27 EXT. PUERTAS DE LA ALDEA - AMANECER
6619,LIRIA,And I'm your guide. I can't afford to wander off like this.,6620,CONVERSATION,EXT. PUERTAS DE LA ALDEA - AMANECER 29,27 EXT. PUERTAS DE LA ALDEA - AMANECER
6620,JUGADOR,We all break sometimes. You can lean on me.,6621,CONVERSATION,EXT. PUERTAS DE LA ALDEA - AMANECER 30,27 EXT. PUERTAS DE LA ALDEA - AMANECER
6621,LIRIA,"Thank you from the bottom of my heart, @NAME.",6622,CONVERSATION,EXT. PUERTAS DE LA ALDEA - AMANECER 31,27 EXT. PUERTAS DE LA ALDEA - AMANECER
6622,LIRIA,This means a lot to me...,6623,CONVERSATION,EXT. PUERTAS DE LA ALDEA - AMANECER 32,27 EXT. PUERTAS DE LA ALDEA - AMANECER
6623,LIRIA,"And, in a way, I feel like it's not fair to you.",6624,CONVERSATION,EXT. PUERTAS DE LA ALDEA - AMANECER 33,27 EXT. PUERTAS DE LA ALDEA - AMANECER
6624,LIRIA,I'm the one who's supposed to light your way in dark moments...,6625,CONVERSATION,EXT. PUERTAS DE LA ALDEA - AMANECER 34,27 EXT. PUERTAS DE LA ALDEA - AMANECER
6625,LIRIA,But I won't refuse your support if I feel I need it.,6626,CONVERSATION,EXT. PUERTAS DE LA ALDEA - AMANECER 35,27 EXT. PUERTAS DE LA ALDEA - AMANECER
6626,LIRIA,"We're a team, after all... right?",6645,CONVERSATION,EXT. PUERTAS DE LA ALDEA - AMANECER 36,27 EXT. PUERTAS DE LA ALDEA - AMANECER
6627,JUGADOR,You're under the influence of this realm.,6628,CONVERSATION,EXT. PUERTAS DE LA ALDEA - AMANECER 37,27 EXT. PUERTAS DE LA ALDEA - AMANECER
6628,LIRIA,It's possible...,6629,CONVERSATION,EXT. PUERTAS DE LA ALDEA - AMANECER 38,27 EXT. PUERTAS DE LA ALDEA - AMANECER
6629,LIRIA,I admit I had thought that too...,6630,CONVERSATION,EXT. PUERTAS DE LA ALDEA - AMANECER 39,27 EXT. PUERTAS DE LA ALDEA - AMANECER
6630,LIRIA,"I don't recognize myself, so the simplest thing is to assume something is influencing me like this.",6631,CONVERSATION,EXT. PUERTAS DE LA ALDEA - AMANECER 40,27 EXT. PUERTAS DE LA ALDEA - AMANECER
6631,LIRIA,Though part of me feels like that's an excuse.,6632,CONVERSATION,EXT. PUERTAS DE LA ALDEA - AMANECER 41,27 EXT. PUERTAS DE LA ALDEA - AMANECER
6632,LIRIA,"Anyway, if you think so too, maybe I should ignore that part.",6633,CONVERSATION,EXT. PUERTAS DE LA ALDEA - AMANECER 42,27 EXT. PUERTAS DE LA ALDEA - AMANECER
6633,LIRIA,So I really appreciate you saying it.,6634,CONVERSATION,EXT. PUERTAS DE LA ALDEA - AMANECER 43,27 EXT. PUERTAS DE LA ALDEA - AMANECER
6634,LIRIA,"A thousand thanks, @NAME. For supporting me without any obligation to do so.",6635,CONVERSATION,EXT. PUERTAS DE LA ALDEA - AMANECER 44,27 EXT. PUERTAS DE LA ALDEA - AMANECER
6635,LIRIA,We're a team!,6645,CONVERSATION,EXT. PUERTAS DE LA ALDEA - AMANECER 45,27 EXT. PUERTAS DE LA ALDEA - AMANECER
6636,JUGADOR,I'll let it slide... this time.,6637,CONVERSATION,EXT. PUERTAS DE LA ALDEA - AMANECER 46,27 EXT. PUERTAS DE LA ALDEA - AMANECER
6637,LIRIA,Ouch...,6638,CONVERSATION,EXT. PUERTAS DE LA ALDEA - AMANECER 47,27 EXT. PUERTAS DE LA ALDEA - AMANECER
6638,LIRIA,"Thank you, @NAME...",6639,CONVERSATION,EXT. PUERTAS DE LA ALDEA - AMANECER 48,27 EXT. PUERTAS DE LA ALDEA - AMANECER
6639,LIRIA,I'm so sorry I've disappointed you with my attitude.,6640,CONVERSATION,EXT. PUERTAS DE LA ALDEA - AMANECER 49,27 EXT. PUERTAS DE LA ALDEA - AMANECER
6640,LIRIA,"From now on, I'll do everything I can not to let myself be carried away by these invasive thoughts.",6641,CONVERSATION,EXT. PUERTAS DE LA ALDEA - AMANECER 50,27 EXT. PUERTAS DE LA ALDEA - AMANECER
6641,LIRIA,"If I ever make another comment about it, just tell me, and I'll try to be more aware.",6642,CONVERSATION,EXT. PUERTAS DE LA ALDEA - AMANECER 51,27 EXT. PUERTAS DE LA ALDEA - AMANECER
6642,LIRIA,I'd appreciate it if that happens.,6643,CONVERSATION,EXT. PUERTAS DE LA ALDEA - AMANECER 52,27 EXT. PUERTAS DE LA ALDEA - AMANECER
6643,LIRIA,Together we can help each other keep improving.,6644,CONVERSATION,EXT. PUERTAS DE LA ALDEA - AMANECER 53,27 EXT. PUERTAS DE LA ALDEA - AMANECER
6644,LIRIA,"After all, we're a team... right?",6645,CONVERSATION,EXT. PUERTAS DE LA ALDEA - AMANECER 54,27 EXT. PUERTAS DE LA ALDEA - AMANECER
6645,LIRIA,That said...,6646,CONVERSATION,EXT. PUERTAS DE LA ALDEA - AMANECER 55,27 EXT. PUERTAS DE LA ALDEA - AMANECER
6646,LIRIA,I think it's time to take the step.,6647,CONVERSATION,EXT. PUERTAS DE LA ALDEA - AMANECER 56,27 EXT. PUERTAS DE LA ALDEA - AMANECER
6647,LIRIA,"Let's head into Hushgrove, @NAME...",6648,CONVERSATION,EXT. PUERTAS DE LA ALDEA - AMANECER 57,27 EXT. PUERTAS DE LA ALDEA - AMANECER
6648,LIRIA,Let's stay focused and move forward carefully.,6649,CONVERSATION,EXT. PUERTAS DE LA ALDEA - AMANECER 58,27 EXT. PUERTAS DE LA ALDEA - AMANECER
6649,LIRIA,I'll be by your side whenever you need me.,,END,EXT. PUERTAS DE LA ALDEA - AMANECER 59,27 EXT. PUERTAS DE LA ALDEA - AMANECER
7732,LIRIA,But... what?,7733,CONVERSATION,EXT. ENTRADA DE LA ALDEA - ATARDECER 1,28 EXT. ENTRADA DE LA ALDEA - ATARDECER
7733,@NAME,This isn't a ravaged village...,7734,CONVERSATION,EXT. ENTRADA DE LA ALDEA - ATARDECER 2,28 EXT. ENTRADA DE LA ALDEA - ATARDECER
7734,LIRIA,Look at the buildings.,7735,CONVERSATION,EXT. ENTRADA DE LA ALDEA - ATARDECER 3,28 EXT. ENTRADA DE LA ALDEA - ATARDECER
7735,LIRIA,Most of them seem... intact.,7736,CONVERSATION,EXT. ENTRADA DE LA ALDEA - ATARDECER 4,28 EXT. ENTRADA DE LA ALDEA - ATARDECER
7736,LIRIA,"The doors are open. The interiors, tidy.",7737,CONVERSATION,EXT. ENTRADA DE LA ALDEA - ATARDECER 5,28 EXT. ENTRADA DE LA ALDEA - ATARDECER
7737,LIRIA,It's as if the people had left... of their own accord.,7738,CONVERSATION,EXT. ENTRADA DE LA ALDEA - ATARDECER 6,28 EXT. ENTRADA DE LA ALDEA - ATARDECER
7738,LIRIA,What kind of mind control are they using on this poor vi...?,7739,CONVERSATION,EXT. ENTRADA DE LA ALDEA - ATARDECER 7,28 EXT. ENTRADA DE LA ALDEA - ATARDECER
7739,VOZ MISTERIOSA,SHHH,7740,CONVERSATION,EXT. ENTRADA DE LA ALDEA - ATARDECER 8,28 EXT. ENTRADA DE LA ALDEA - ATARDECER
7740,VOZ MISTERIOSA,WEL...!,7741,CONVERSATION,EXT. ENTRADA DE LA ALDEA - ATARDECER 9,28 EXT. ENTRADA DE LA ALDEA - ATARDECER
7741,VOZ MISTERIOSA,"ZAP, ZAP",7742,CONVERSATION,EXT. ENTRADA DE LA ALDEA - ATARDECER 10,28 EXT. ENTRADA DE LA ALDEA - ATARDECER
7742,LIRIA,... Uh? Where is that voice coming from?,7743,CONVERSATION,EXT. ENTRADA DE LA ALDEA - ATARDECER 11,28 EXT. ENTRADA DE LA ALDEA - ATARDECER
7743,VOZ MISTERIOSA,"ZAP, ZAP, ZAP",7744,CONVERSATION,EXT. ENTRADA DE LA ALDEA - ATARDECER 12,28 EXT. ENTRADA DE LA ALDEA - ATARDECER
7744,VOZ MISTERIOSA,"WELCOME, MORTALS!",7745,CONVERSATION,EXT. ENTRADA DE LA ALDEA - ATARDECER 13,28 EXT. ENTRADA DE LA ALDEA - ATARDECER
7745,VOZ MISTERIOSA,ZAP,7746,CONVERSATION,EXT. ENTRADA DE LA ALDEA - ATARDECER 14,28 EXT. ENTRADA DE LA ALDEA - ATARDECER
7746,VOZ MISTERIOSA,RUN! COME IN! LOOK!,7747,CONVERSATION,EXT. ENTRADA DE LA ALDEA - ATARDECER 15,28 EXT. ENTRADA DE LA ALDEA - ATARDECER
7747,VOZ MISTERIOSA,COME ON! DON'T MISS IT!,7748,CONVERSATION,EXT. ENTRADA DE LA ALDEA - ATARDECER 16,28 EXT. ENTRADA DE LA ALDEA - ATARDECER
7748,VOZ MISTERIOSA,"HA, HA, H...",7749,CONVERSATION,EXT. ENTRADA DE LA ALDEA - ATARDECER 17,28 EXT. ENTRADA DE LA ALDEA - ATARDECER
7749,VOZ MISTERIOSA,"ZAP, ZAP",7750,CONVERSATION,EXT. ENTRADA DE LA ALDEA - ATARDECER 18,28 EXT. ENTRADA DE LA ALDEA - ATARDECER
7750,LIRIA,Wow...,7751,CONVERSATION,EXT. ENTRADA DE LA ALDEA - ATARDECER 19,28 EXT. ENTRADA DE LA ALDEA - ATARDECER
7751,LIRIA,"I don't understand anything, @NAME.",7752,CONVERSATION,EXT. ENTRADA DE LA ALDEA - ATARDECER 20,28 EXT. ENTRADA DE LA ALDEA - ATARDECER
7752,LIRIA,It was like the sound was coming from everywhere at once.,7753,CONVERSATION,EXT. ENTRADA DE LA ALDEA - ATARDECER 21,28 EXT. ENTRADA DE LA ALDEA - ATARDECER
7753,LIRIA,"I haven't been able to see it clearly, but...",7754,CONVERSATION,EXT. ENTRADA DE LA ALDEA - ATARDECER 22,28 EXT. ENTRADA DE LA ALDEA - ATARDECER
7754,LIRIA,Did you see that trail?,7755,CONVERSATION,EXT. ENTRADA DE LA ALDEA - ATARDECER 23,28 EXT. ENTRADA DE LA ALDEA - ATARDECER
7755,LIRIA,It matches the echo it left in its wake.,7756,CONVERSATION,EXT. ENTRADA DE LA ALDEA - ATARDECER 24,28 EXT. ENTRADA DE LA ALDEA - ATARDECER
7756,LIRIA,It must be the one behind this.,7757,CONVERSATION,EXT. ENTRADA DE LA ALDEA - ATARDECER 25,28 EXT. ENTRADA DE LA ALDEA - ATARDECER
7757,LIRIA,"We have to follow its trail, @NAME!",7758,CONVERSATION,EXT. ENTRADA DE LA ALDEA - ATARDECER 26,28 EXT. ENTRADA DE LA ALDEA - ATARDECER
7758,LIRIA,Let's go!,,END,EXT. ENTRADA DE LA ALDEA - ATARDECER 27,28 EXT. ENTRADA DE LA ALDEA - ATARDECER
8841,LIRIA,Agh!,8842,CONVERSATION,EXT. MOLINO DE LA ALDEA - ATARDECER 1,29 EXT. MOLINO DE LA ALDEA - ATARDECER
8842,LIRIA,But how is it so fast?!,8843,CONVERSATION,EXT. MOLINO DE LA ALDEA - ATARDECER 2,29 EXT. MOLINO DE LA ALDEA - ATARDECER
8843,LIRIA,The trail fades too much in this area...,8844,CONVERSATION,EXT. MOLINO DE LA ALDEA - ATARDECER 3,29 EXT. MOLINO DE LA ALDEA - ATARDECER
8844,LIRIA,Are we falling too far behind?,8845,CONVERSATION,EXT. MOLINO DE LA ALDEA - ATARDECER 4,29 EXT. MOLINO DE LA ALDEA - ATARDECER
8845,LIRIA,...,8846,CONVERSATION,EXT. MOLINO DE LA ALDEA - ATARDECER 5,29 EXT. MOLINO DE LA ALDEA - ATARDECER
8846,LIRIA,Hey!,8847,CONVERSATION,EXT. MOLINO DE LA ALDEA - ATARDECER 6,29 EXT. MOLINO DE LA ALDEA - ATARDECER
8847,LIRIA,"Look at the blades, @NAME!",8848,CONVERSATION,EXT. MOLINO DE LA ALDEA - ATARDECER 7,29 EXT. MOLINO DE LA ALDEA - ATARDECER
8848,LIRIA,They're resonators!,8849,CONVERSATION,EXT. MOLINO DE LA ALDEA - ATARDECER 8,29 EXT. MOLINO DE LA ALDEA - ATARDECER
8849,LIRIA,They emit a frequency that suppresses critical thinking.,8850,CONVERSATION,EXT. MOLINO DE LA ALDEA - ATARDECER 9,29 EXT. MOLINO DE LA ALDEA - ATARDECER
8850,LIRIA,It's not the first time I've seen them.,8851,CONVERSATION,EXT. MOLINO DE LA ALDEA - ATARDECER 10,29 EXT. MOLINO DE LA ALDEA - ATARDECER
8851,LIRIA,In fact... In the past I've witnessed their effectiveness firsthand...,8852,CONVERSATION,EXT. MOLINO DE LA ALDEA - ATARDECER 11,29 EXT. MOLINO DE LA ALDEA - ATARDECER
8852,LIRIA,"I'd recommend we keep our distance, @NAME...",8853,CONVERSATION,EXT. MOLINO DE LA ALDEA - ATARDECER 12,29 EXT. MOLINO DE LA ALDEA - ATARDECER
8853,LIRIA,...Although they may be partly to blame for what's happening here.,8854,CONVERSATION,EXT. MOLINO DE LA ALDEA - ATARDECER 13,29 EXT. MOLINO DE LA ALDEA - ATARDECER
8854,LIRIA,Do you want us to get closer?,,END,EXT. MOLINO DE LA ALDEA - ATARDECER 14,29 EXT. MOLINO DE LA ALDEA - ATARDECER
8855,JUGADOR,"Yes, we have to do something about them",8856,CONVERSATION,EXT. MOLINO DE LA ALDEA - ATARDECER 15,29 EXT. MOLINO DE LA ALDEA - ATARDECER
8856,LIRIA,"All right, @NAME.",8857,CONVERSATION,EXT. MOLINO DE LA ALDEA - ATARDECER 16,29 EXT. MOLINO DE LA ALDEA - ATARDECER
8857,LIRIA,As noble as ever!,8858,CONVERSATION,EXT. MOLINO DE LA ALDEA - ATARDECER 17,29 EXT. MOLINO DE LA ALDEA - ATARDECER
8858,LIRIA,Let's approach carefully.,8859,CONVERSATION,EXT. MOLINO DE LA ALDEA - ATARDECER 18,29 EXT. MOLINO DE LA ALDEA - ATARDECER
8859,RESONADOR,...,8860,CONVERSATION,EXT. MOLINO DE LA ALDEA - ATARDECER 19,29 EXT. MOLINO DE LA ALDEA - ATARDECER
8860,RESONADOR,"""FORGET EVERYTHING""",8861,CONVERSATION,EXT. MOLINO DE LA ALDEA - ATARDECER 20,29 EXT. MOLINO DE LA ALDEA - ATARDECER
8861,RESONADOR,...,8862,CONVERSATION,EXT. MOLINO DE LA ALDEA - ATARDECER 21,29 EXT. MOLINO DE LA ALDEA - ATARDECER
8862,RESONADOR,"""ENJOY THE PRESENT""",8863,CONVERSATION,EXT. MOLINO DE LA ALDEA - ATARDECER 22,29 EXT. MOLINO DE LA ALDEA - ATARDECER
8863,RESONADOR,...,8864,CONVERSATION,EXT. MOLINO DE LA ALDEA - ATARDECER 23,29 EXT. MOLINO DE LA ALDEA - ATARDECER
8864,RESONADOR,"""GO WITH THE FLOW""",8865,CONVERSATION,EXT. MOLINO DE LA ALDEA - ATARDECER 24,29 EXT. MOLINO DE LA ALDEA - ATARDECER
8865,LIRIA,Uhm...,8866,CONVERSATION,EXT. MOLINO DE LA ALDEA - ATARDECER 25,29 EXT. MOLINO DE LA ALDEA - ATARDECER
8866,LIRIA,"You hear it too, don't you, @NAME?",8867,CONVERSATION,EXT. MOLINO DE LA ALDEA - ATARDECER 26,29 EXT. MOLINO DE LA ALDEA - ATARDECER
8867,LIRIA,These messages...,8868,CONVERSATION,EXT. MOLINO DE LA ALDEA - ATARDECER 27,29 EXT. MOLINO DE LA ALDEA - ATARDECER
8868,LIRIA,Aren't what I expected.,8869,CONVERSATION,EXT. MOLINO DE LA ALDEA - ATARDECER 28,29 EXT. MOLINO DE LA ALDEA - ATARDECER
8869,LIRIA,Wrongdoers throughout history have used them as a tool for mind control.,8870,CONVERSATION,EXT. MOLINO DE LA ALDEA - ATARDECER 29,29 EXT. MOLINO DE LA ALDEA - ATARDECER
8870,LIRIA,But these messages...,8871,CONVERSATION,EXT. MOLINO DE LA ALDEA - ATARDECER 30,29 EXT. MOLINO DE LA ALDEA - ATARDECER
8871,LIRIA,They sound... familiar.,8872,CONVERSATION,EXT. MOLINO DE LA ALDEA - ATARDECER 31,29 EXT. MOLINO DE LA ALDEA - ATARDECER
8872,LIRIA,They're... wishes. Common wishes.,8873,CONVERSATION,EXT. MOLINO DE LA ALDEA - ATARDECER 32,29 EXT. MOLINO DE LA ALDEA - ATARDECER
8873,LIRIA,They resonate with me...,8874,CONVERSATION,EXT. MOLINO DE LA ALDEA - ATARDECER 33,29 EXT. MOLINO DE LA ALDEA - ATARDECER
8874,LIRIA,"And I'm sure they do with you too, right?",8875,CONVERSATION,EXT. MOLINO DE LA ALDEA - ATARDECER 34,29 EXT. MOLINO DE LA ALDEA - ATARDECER
8875,LIRIA,"Maybe that's the proof we need to know these resonators, indeed... are still dangerous.",8876,CONVERSATION,EXT. MOLINO DE LA ALDEA - ATARDECER 35,29 EXT. MOLINO DE LA ALDEA - ATARDECER
8876,LIRIA,I've never heard orders so easy to obey.,8877,CONVERSATION,EXT. MOLINO DE LA ALDEA - ATARDECER 36,29 EXT. MOLINO DE LA ALDEA - ATARDECER
8877,LIRIA,But... who could have put them here?,8878,CONVERSATION,EXT. MOLINO DE LA ALDEA - ATARDECER 37,29 EXT. MOLINO DE LA ALDEA - ATARDECER
8878,LIRIA,And what were they trying to do by planting those thoughts?,8879,CONVERSATION,EXT. MOLINO DE LA ALDEA - ATARDECER 38,29 EXT. MOLINO DE LA ALDEA - ATARDECER
8879,LIRIA,Either way... I don't think we can destroy them right now.,8880,CONVERSATION,EXT. MOLINO DE LA ALDEA - ATARDECER 39,29 EXT. MOLINO DE LA ALDEA - ATARDECER
8880,LIRIA,They're too far away.,8881,CONVERSATION,EXT. MOLINO DE LA ALDEA - ATARDECER 40,29 EXT. MOLINO DE LA ALDEA - ATARDECER
8881,LIRIA,Although maybe there's some way to deactivate them that we're failing to see...,8882,CONVERSATION,EXT. MOLINO DE LA ALDEA - ATARDECER 41,29 EXT. MOLINO DE LA ALDEA - ATARDECER
8882,LIRIA,We'd better keep exploring the village...,8883,CONVERSATION,EXT. MOLINO DE LA ALDEA - ATARDECER 42,29 EXT. MOLINO DE LA ALDEA - ATARDECER
8883,LIRIA,...and keep following the trail before it disappears completely.,,END,EXT. MOLINO DE LA ALDEA - ATARDECER 43,29 EXT. MOLINO DE LA ALDEA - ATARDECER
8884,JUGADOR,"No, we can't waste any more time",8885,CONVERSATION,EXT. MOLINO DE LA ALDEA - ATARDECER 44,29 EXT. MOLINO DE LA ALDEA - ATARDECER
8885,LIRIA,"Uhm... You may be right, @NAME.",8886,CONVERSATION,EXT. MOLINO DE LA ALDEA - ATARDECER 45,29 EXT. MOLINO DE LA ALDEA - ATARDECER
8886,LIRIA,The trail is already extremely faint...,8887,CONVERSATION,EXT. MOLINO DE LA ALDEA - ATARDECER 46,29 EXT. MOLINO DE LA ALDEA - ATARDECER
8887,LIRIA,"And given their height and appearance, I think it would be very difficult to try to destroy them right now.",8888,CONVERSATION,EXT. MOLINO DE LA ALDEA - ATARDECER 47,29 EXT. MOLINO DE LA ALDEA - ATARDECER
8888,LIRIA,Let's focus on not losing the trail.,8889,CONVERSATION,EXT. MOLINO DE LA ALDEA - ATARDECER 48,29 EXT. MOLINO DE LA ALDEA - ATARDECER
8889,LIRIA,"Come on, follow me!",,END,EXT. MOLINO DE LA ALDEA - ATARDECER 49,29 EXT. MOLINO DE LA ALDEA - ATARDECER
9972,LIRIA,Agh…,9973,CONVERSATION,EXT. PLAZA DE LA ALDEA - ATARDECER 1,210 EXT. PLAZA DE LA ALDEA - ATARDECER
9973,LIRIA,It's useless…,9974,CONVERSATION,EXT. PLAZA DE LA ALDEA - ATARDECER 2,210 EXT. PLAZA DE LA ALDEA - ATARDECER
9974,LIRIA,"The larger the space, the faster it spreads and moves…",9975,CONVERSATION,EXT. PLAZA DE LA ALDEA - ATARDECER 3,210 EXT. PLAZA DE LA ALDEA - ATARDECER
9975,LIRIA,In this square… Its trail…,9976,CONVERSATION,EXT. PLAZA DE LA ALDEA - ATARDECER 4,210 EXT. PLAZA DE LA ALDEA - ATARDECER
9976,LIRIA,I can’t see it anymore.,9977,CONVERSATION,EXT. PLAZA DE LA ALDEA - ATARDECER 5,210 EXT. PLAZA DE LA ALDEA - ATARDECER
9977,LIRIA,…,9978,CONVERSATION,EXT. PLAZA DE LA ALDEA - ATARDECER 6,210 EXT. PLAZA DE LA ALDEA - ATARDECER
9978,LIRIA,"But we can't just stand by with our arms crossed, @NAME.",9979,CONVERSATION,EXT. PLAZA DE LA ALDEA - ATARDECER 7,210 EXT. PLAZA DE LA ALDEA - ATARDECER
9979,LIRIA,It might be messing with our perception…,9980,CONVERSATION,EXT. PLAZA DE LA ALDEA - ATARDECER 8,210 EXT. PLAZA DE LA ALDEA - ATARDECER
9980,LIRIA,"And honestly, I don't think it's anything like what we've faced before.",9981,CONVERSATION,EXT. PLAZA DE LA ALDEA - ATARDECER 9,210 EXT. PLAZA DE LA ALDEA - ATARDECER
9981,LIRIA,But this village needs us!,9982,CONVERSATION,EXT. PLAZA DE LA ALDEA - ATARDECER 10,210 EXT. PLAZA DE LA ALDEA - ATARDECER
9982,LIRIA,And if these creatures haven't left… it means there are still things worth fighting for.,9983,CONVERSATION,EXT. PLAZA DE LA ALDEA - ATARDECER 11,210 EXT. PLAZA DE LA ALDEA - ATARDECER
9983,LIRIA,Look at them…,9984,CONVERSATION,EXT. PLAZA DE LA ALDEA - ATARDECER 12,210 EXT. PLAZA DE LA ALDEA - ATARDECER
9984,LIRIA,They're all heading… toward that big building.,9985,CONVERSATION,EXT. PLAZA DE LA ALDEA - ATARDECER 13,210 EXT. PLAZA DE LA ALDEA - ATARDECER
9985,LIRIA,Maybe the answers we're looking for are hiding in there.,9986,CONVERSATION,EXT. PLAZA DE LA ALDEA - ATARDECER 14,210 EXT. PLAZA DE LA ALDEA - ATARDECER
9986,LIRIA,"Let's not waste a second, @NAME!",,END,EXT. PLAZA DE LA ALDEA - ATARDECER 15,210 EXT. PLAZA DE LA ALDEA - ATARDECER
11069,LIRIA,Wow...,11070,CONVERSATION,INT. CASA INTACTA DE LA ALDEA - ATARDECER 1,211 INT. CASA INTACTA DE LA ALDEA - ATARDECER
11070,LIRIA,Not only was the door wide open...,11071,CONVERSATION,INT. CASA INTACTA DE LA ALDEA - ATARDECER 2,211 INT. CASA INTACTA DE LA ALDEA - ATARDECER
11071,LIRIA,But the house is completely spotless.,11072,CONVERSATION,INT. CASA INTACTA DE LA ALDEA - ATARDECER 3,211 INT. CASA INTACTA DE LA ALDEA - ATARDECER
11072,LIRIA,I don't think one of those monsters has set a single claw on this floor.,11073,CONVERSATION,INT. CASA INTACTA DE LA ALDEA - ATARDECER 4,211 INT. CASA INTACTA DE LA ALDEA - ATARDECER
11073,LIRIA,It's an idea that wouldn't even have crossed my mind...,11074,CONVERSATION,INT. CASA INTACTA DE LA ALDEA - ATARDECER 5,211 INT. CASA INTACTA DE LA ALDEA - ATARDECER
11074,LIRIA,...if it weren't for the fact we're surrounded by them.,11075,CONVERSATION,INT. CASA INTACTA DE LA ALDEA - ATARDECER 6,211 INT. CASA INTACTA DE LA ALDEA - ATARDECER
11075,LIRIA,...,11076,CONVERSATION,INT. CASA INTACTA DE LA ALDEA - ATARDECER 7,211 INT. CASA INTACTA DE LA ALDEA - ATARDECER
11076,LIRIA,I don't see anything particularly relevant.,11077,CONVERSATION,INT. CASA INTACTA DE LA ALDEA - ATARDECER 8,211 INT. CASA INTACTA DE LA ALDEA - ATARDECER
11077,LIRIA,What about you? Anything catching your eye?,11078,CONVERSATION,INT. CASA INTACTA DE LA ALDEA - ATARDECER 9,211 INT. CASA INTACTA DE LA ALDEA - ATARDECER
11078,JUGADOR,Let's get closer to the bookshelf.,11084,CONVERSATION,INT. CASA INTACTA DE LA ALDEA - ATARDECER 10,211 INT. CASA INTACTA DE LA ALDEA - ATARDECER
11079,JUGADOR,Let's inspect the worktable.,11084,CONVERSATION,INT. CASA INTACTA DE LA ALDEA - ATARDECER 11,211 INT. CASA INTACTA DE LA ALDEA - ATARDECER
11080,JUGADOR,Let's go.,11081,CONVERSATION,INT. CASA INTACTA DE LA ALDEA - ATARDECER 12,211 INT. CASA INTACTA DE LA ALDEA - ATARDECER
11081,LIRIA,All right. I'm with you.,11082,CONVERSATION,INT. CASA INTACTA DE LA ALDEA - ATARDECER 13,211 INT. CASA INTACTA DE LA ALDEA - ATARDECER
11082,LIRIA,We're still in a race against the clock...,11083,CONVERSATION,INT. CASA INTACTA DE LA ALDEA - ATARDECER 14,211 INT. CASA INTACTA DE LA ALDEA - ATARDECER
11083,LIRIA,"Let's not waste time on unnecessary tasks, and keep our focus on what matters.",,END,INT. CASA INTACTA DE LA ALDEA - ATARDECER 15,211 INT. CASA INTACTA DE LA ALDEA - ATARDECER
11084,LIRIA,"All right, let's take a look.",11085,CONVERSATION,INT. CASA INTACTA DE LA ALDEA - ATARDECER 16,211 INT. CASA INTACTA DE LA ALDEA - ATARDECER
11085,LIRIA,...,11086,CONVERSATION,INT. CASA INTACTA DE LA ALDEA - ATARDECER 17,211 INT. CASA INTACTA DE LA ALDEA - ATARDECER
11086,LIRIA,Huh?,11087,CONVERSATION,INT. CASA INTACTA DE LA ALDEA - ATARDECER 18,211 INT. CASA INTACTA DE LA ALDEA - ATARDECER
11087,LIRIA,"Look, @NAME. I think I've found something.",11088,CONVERSATION,INT. CASA INTACTA DE LA ALDEA - ATARDECER 19,211 INT. CASA INTACTA DE LA ALDEA - ATARDECER
11088,LIRIA,It looks like a... diary?,11089,CONVERSATION,INT. CASA INTACTA DE LA ALDEA - ATARDECER 20,211 INT. CASA INTACTA DE LA ALDEA - ATARDECER
11089,LIRIA,"It has different entries... arranged chronologically, it seems.",11090,CONVERSATION,INT. CASA INTACTA DE LA ALDEA - ATARDECER 21,211 INT. CASA INTACTA DE LA ALDEA - ATARDECER
11090,LIRIA,To be honest... I don't know if it has much value.,11091,CONVERSATION,INT. CASA INTACTA DE LA ALDEA - ATARDECER 22,211 INT. CASA INTACTA DE LA ALDEA - ATARDECER
11091,LIRIA,What do you say?,11092,CONVERSATION,INT. CASA INTACTA DE LA ALDEA - ATARDECER 23,211 INT. CASA INTACTA DE LA ALDEA - ATARDECER
11092,JUGADOR,"Read ""Damn routine""",11093,CONVERSATION,INT. CASA INTACTA DE LA ALDEA - ATARDECER 24,211 INT. CASA INTACTA DE LA ALDEA - ATARDECER
11093,DIARIO,Day 22 of... I don't even know what month anymore.,11094,CONVERSATION,INT. CASA INTACTA DE LA ALDEA - ATARDECER 25,211 INT. CASA INTACTA DE LA ALDEA - ATARDECER
11094,DIARIO,Today I woke up again before the bell rang.,11095,CONVERSATION,INT. CASA INTACTA DE LA ALDEA - ATARDECER 26,211 INT. CASA INTACTA DE LA ALDEA - ATARDECER
11095,DIARIO,"And not because I wasn't sleepy... Of course I was, as always.",11096,CONVERSATION,INT. CASA INTACTA DE LA ALDEA - ATARDECER 27,211 INT. CASA INTACTA DE LA ALDEA - ATARDECER
11096,DIARIO,But I woke up early out of habit.,11097,CONVERSATION,INT. CASA INTACTA DE LA ALDEA - ATARDECER 28,211 INT. CASA INTACTA DE LA ALDEA - ATARDECER
11097,DIARIO,"I had bread again for breakfast, and right after that, I started my chores and errands.",11098,CONVERSATION,INT. CASA INTACTA DE LA ALDEA - ATARDECER 29,211 INT. CASA INTACTA DE LA ALDEA - ATARDECER
11098,DIARIO,Every hour felt like a carbon copy of the one before.,11099,CONVERSATION,INT. CASA INTACTA DE LA ALDEA - ATARDECER 30,211 INT. CASA INTACTA DE LA ALDEA - ATARDECER
11099,DIARIO,"As if someone were copying my days, and pasting them one after another, over and over again.",11100,CONVERSATION,INT. CASA INTACTA DE LA ALDEA - ATARDECER 31,211 INT. CASA INTACTA DE LA ALDEA - ATARDECER
11100,DIARIO,The rest of the paragraph is crossed out.,11101,CONVERSATION,INT. CASA INTACTA DE LA ALDEA - ATARDECER 32,211 INT. CASA INTACTA DE LA ALDEA - ATARDECER
11101,DIARIO,Today a traveler passed by on the road to the north.,11102,CONVERSATION,INT. CASA INTACTA DE LA ALDEA - ATARDECER 33,211 INT. CASA INTACTA DE LA ALDEA - ATARDECER
11102,DIARIO,I think we all stared at him like someone seeing fire for the first time.,11103,CONVERSATION,INT. CASA INTACTA DE LA ALDEA - ATARDECER 34,211 INT. CASA INTACTA DE LA ALDEA - ATARDECER
11103,DIARIO,I miss change. The feeling that something matters.,11104,CONVERSATION,INT. CASA INTACTA DE LA ALDEA - ATARDECER 35,211 INT. CASA INTACTA DE LA ALDEA - ATARDECER
11104,DIARIO,"In this village, you don't live slowly. You live numb.",11105,CONVERSATION,INT. CASA INTACTA DE LA ALDEA - ATARDECER 36,211 INT. CASA INTACTA DE LA ALDEA - ATARDECER
11105,DIARIO,"If tomorrow I write this same thing again, it will be enough.",11106,CONVERSATION,INT. CASA INTACTA DE LA ALDEA - ATARDECER 37,211 INT. CASA INTACTA DE LA ALDEA - ATARDECER
11106,JUGADOR,"Read ""I miss you""",11107,CONVERSATION,INT. CASA INTACTA DE LA ALDEA - ATARDECER 38,211 INT. CASA INTACTA DE LA ALDEA - ATARDECER
11107,DIARIO,Today I thought about you again.,11108,CONVERSATION,INT. CASA INTACTA DE LA ALDEA - ATARDECER 39,211 INT. CASA INTACTA DE LA ALDEA - ATARDECER
11108,DIARIO,It had been a while since it happened...,11109,CONVERSATION,INT. CASA INTACTA DE LA ALDEA - ATARDECER 40,211 INT. CASA INTACTA DE LA ALDEA - ATARDECER
11109,DIARIO,...But there's a part of me that can't help falling back into the same loops.,11110,CONVERSATION,INT. CASA INTACTA DE LA ALDEA - ATARDECER 41,211 INT. CASA INTACTA DE LA ALDEA - ATARDECER
11110,DIARIO,"I always admired your ambition. That desire to see everything, understand everything, without waiting for anything.",11111,CONVERSATION,INT. CASA INTACTA DE LA ALDEA - ATARDECER 42,211 INT. CASA INTACTA DE LA ALDEA - ATARDECER
11111,DIARIO,That head of yours kept you from being present in the here and now...,11112,CONVERSATION,INT. CASA INTACTA DE LA ALDEA - ATARDECER 43,211 INT. CASA INTACTA DE LA ALDEA - ATARDECER
11112,DIARIO,You could barely even finish a sentence without jumping to a new one!,11113,CONVERSATION,INT. CASA INTACTA DE LA ALDEA - ATARDECER 44,211 INT. CASA INTACTA DE LA ALDEA - ATARDECER
11113,DIARIO,And I remember I used to scold you for not living in the present.,11114,CONVERSATION,INT. CASA INTACTA DE LA ALDEA - ATARDECER 45,211 INT. CASA INTACTA DE LA ALDEA - ATARDECER
11114,DIARIO,"Back then, I watched you burning from the inside, from a certain distance.",11115,CONVERSATION,INT. CASA INTACTA DE LA ALDEA - ATARDECER 46,211 INT. CASA INTACTA DE LA ALDEA - ATARDECER
11115,DIARIO,But I think now I understand you better than ever.,11116,CONVERSATION,INT. CASA INTACTA DE LA ALDEA - ATARDECER 47,211 INT. CASA INTACTA DE LA ALDEA - ATARDECER
11116,DIARIO,"I suppose that, in retrospect, it was to be expected.",11117,CONVERSATION,INT. CASA INTACTA DE LA ALDEA - ATARDECER 48,211 INT. CASA INTACTA DE LA ALDEA - ATARDECER
11117,DIARIO,It was clear that one day this village would be too small for you.,11118,CONVERSATION,INT. CASA INTACTA DE LA ALDEA - ATARDECER 49,211 INT. CASA INTACTA DE LA ALDEA - ATARDECER
11118,DIARIO,Some smudges and cross-outs make it hard to read.,11119,CONVERSATION,INT. CASA INTACTA DE LA ALDEA - ATARDECER 50,211 INT. CASA INTACTA DE LA ALDEA - ATARDECER
11119,DIARIO,And it still hurts to think about how you left.,11120,CONVERSATION,INT. CASA INTACTA DE LA ALDEA - ATARDECER 51,211 INT. CASA INTACTA DE LA ALDEA - ATARDECER
11120,DIARIO,It hurts to remember how you put yourself first like that.,11121,CONVERSATION,INT. CASA INTACTA DE LA ALDEA - ATARDECER 52,211 INT. CASA INTACTA DE LA ALDEA - ATARDECER
11121,DIARIO,"How you walked all over all of us, without even looking back.",11122,CONVERSATION,INT. CASA INTACTA DE LA ALDEA - ATARDECER 53,211 INT. CASA INTACTA DE LA ALDEA - ATARDECER
11122,DIARIO,"How you razed everything, until it was reduced to ashes...",11123,CONVERSATION,INT. CASA INTACTA DE LA ALDEA - ATARDECER 54,211 INT. CASA INTACTA DE LA ALDEA - ATARDECER
11123,DIARIO,"But despite everything, I miss you.",11124,CONVERSATION,INT. CASA INTACTA DE LA ALDEA - ATARDECER 55,211 INT. CASA INTACTA DE LA ALDEA - ATARDECER
11124,DIARIO,"Because when you were by my side, it was my time that flew by.",11125,CONVERSATION,INT. CASA INTACTA DE LA ALDEA - ATARDECER 56,211 INT. CASA INTACTA DE LA ALDEA - ATARDECER
11125,JUGADOR,"Read ""Chilling nocturnal noises""",11126,CONVERSATION,INT. CASA INTACTA DE LA ALDEA - ATARDECER 57,211 INT. CASA INTACTA DE LA ALDEA - ATARDECER
11126,DIARIO,"I write these lines at dawn, with the moon at its highest.",11127,CONVERSATION,INT. CASA INTACTA DE LA ALDEA - ATARDECER 58,211 INT. CASA INTACTA DE LA ALDEA - ATARDECER
11127,DIARIO,It's the third consecutive night it's happened. And I'd swear at the same hour.,11128,CONVERSATION,INT. CASA INTACTA DE LA ALDEA - ATARDECER 59,211 INT. CASA INTACTA DE LA ALDEA - ATARDECER
11128,DIARIO,Once again I heard those damn noises...,11129,CONVERSATION,INT. CASA INTACTA DE LA ALDEA - ATARDECER 60,211 INT. CASA INTACTA DE LA ALDEA - ATARDECER
11129,DIARIO,"Electric echoes, coming from the southeast...",11130,CONVERSATION,INT. CASA INTACTA DE LA ALDEA - ATARDECER 61,211 INT. CASA INTACTA DE LA ALDEA - ATARDECER
11130,DIARIO,"...Able to cut through the air, and make your skin crawl.",11131,CONVERSATION,INT. CASA INTACTA DE LA ALDEA - ATARDECER 62,211 INT. CASA INTACTA DE LA ALDEA - ATARDECER
11131,DIARIO,I haven't been the only one to hear them lately.,11132,CONVERSATION,INT. CASA INTACTA DE LA ALDEA - ATARDECER 63,211 INT. CASA INTACTA DE LA ALDEA - ATARDECER
11132,DIARIO,The whole village is talking about it... and I think some are starting to lose their minds.,11133,CONVERSATION,INT. CASA INTACTA DE LA ALDEA - ATARDECER 64,211 INT. CASA INTACTA DE LA ALDEA - ATARDECER
11133,DIARIO,Many take the opportunity to tell myths and legends... along with truly terrifying stories.,11134,CONVERSATION,INT. CASA INTACTA DE LA ALDEA - ATARDECER 65,211 INT. CASA INTACTA DE LA ALDEA - ATARDECER
11134,DIARIO,Others swear they've heard that sound before...,11135,CONVERSATION,INT. CASA INTACTA DE LA ALDEA - ATARDECER 66,211 INT. CASA INTACTA DE LA ALDEA - ATARDECER
11135,DIARIO,And they think it's the same one made by that messenger of the Siren...,11136,CONVERSATION,INT. CASA INTACTA DE LA ALDEA - ATARDECER 67,211 INT. CASA INTACTA DE LA ALDEA - ATARDECER
11136,DIARIO,It's known as Blink.,11137,CONVERSATION,INT. CASA INTACTA DE LA ALDEA - ATARDECER 68,211 INT. CASA INTACTA DE LA ALDEA - ATARDECER
11137,DIARIO,"And I... truth be told, I don't know what to think.",11138,CONVERSATION,INT. CASA INTACTA DE LA ALDEA - ATARDECER 69,211 INT. CASA INTACTA DE LA ALDEA - ATARDECER
11138,DIARIO,"Every time I hear it, I get the feeling that someone has run right through my head.",11139,CONVERSATION,INT. CASA INTACTA DE LA ALDEA - ATARDECER 70,211 INT. CASA INTACTA DE LA ALDEA - ATARDECER
11139,DIARIO,"And every time I hear it... I can't help having nightmares about you again, my son.",11140,CONVERSATION,INT. CASA INTACTA DE LA ALDEA - ATARDECER 71,211 INT. CASA INTACTA DE LA ALDEA - ATARDECER
11140,DIARIO,I think I'm not afraid of the noises anymore...,11141,CONVERSATION,INT. CASA INTACTA DE LA ALDEA - ATARDECER 72,211 INT. CASA INTACTA DE LA ALDEA - ATARDECER
11141,DIARIO,I'm afraid of going back to sleep.,11142,CONVERSATION,INT. CASA INTACTA DE LA ALDEA - ATARDECER 73,211 INT. CASA INTACTA DE LA ALDEA - ATARDECER
11142,JUGADOR,That's enough. Let's move.,11143,CONVERSATION,INT. CASA INTACTA DE LA ALDEA - ATARDECER 74,211 INT. CASA INTACTA DE LA ALDEA - ATARDECER
11143,LIRIA,"Uhm... You might be right, @NAME.",11144,CONVERSATION,INT. CASA INTACTA DE LA ALDEA - ATARDECER 75,211 INT. CASA INTACTA DE LA ALDEA - ATARDECER
11144,LIRIA,The trail is already extremely faint...,11145,CONVERSATION,INT. CASA INTACTA DE LA ALDEA - ATARDECER 76,211 INT. CASA INTACTA DE LA ALDEA - ATARDECER
11145,LIRIA,We'll come back to investigate this place once we find out what's going on.,,END,INT. CASA INTACTA DE LA ALDEA - ATARDECER 77,211 INT. CASA INTACTA DE LA ALDEA - ATARDECER
12228,LIRIA,@NAME... These streets...,12229,CONVERSATION,EXT. CALLES PRINCIPALES DE LA ALDEA - ATARDECER 1,213 EXT. CALLES PRINCIPALES DE LA ALDEA - ATARDECER
12229,LIRIA,They're so much longer than those of any other village.,12230,CONVERSATION,EXT. CALLES PRINCIPALES DE LA ALDEA - ATARDECER 2,213 EXT. CALLES PRINCIPALES DE LA ALDEA - ATARDECER
12230,LIRIA,And the faster we want to run to reach their end...,12231,CONVERSATION,EXT. CALLES PRINCIPALES DE LA ALDEA - ATARDECER 3,213 EXT. CALLES PRINCIPALES DE LA ALDEA - ATARDECER
12231,LIRIA,...the more endless they seem.,12232,CONVERSATION,EXT. CALLES PRINCIPALES DE LA ALDEA - ATARDECER 4,213 EXT. CALLES PRINCIPALES DE LA ALDEA - ATARDECER
12232,LIRIA,I feel like we're trapped in a loop.,12233,CONVERSATION,EXT. CALLES PRINCIPALES DE LA ALDEA - ATARDECER 5,213 EXT. CALLES PRINCIPALES DE LA ALDEA - ATARDECER
12233,LIRIA,"All we can do is move forward, thinking we're getting closer to our goal each time...",12234,CONVERSATION,EXT. CALLES PRINCIPALES DE LA ALDEA - ATARDECER 6,213 EXT. CALLES PRINCIPALES DE LA ALDEA - ATARDECER
12234,LIRIA,But really... I'm not entirely sure that's true...,12235,CONVERSATION,EXT. CALLES PRINCIPALES DE LA ALDEA - ATARDECER 7,213 EXT. CALLES PRINCIPALES DE LA ALDEA - ATARDECER
12235,LIRIA,Ains...,12236,CONVERSATION,EXT. CALLES PRINCIPALES DE LA ALDEA - ATARDECER 8,213 EXT. CALLES PRINCIPALES DE LA ALDEA - ATARDECER
12236,LIRIA,Could there be some alternative route we're overlooking?,12237,CONVERSATION,EXT. CALLES PRINCIPALES DE LA ALDEA - ATARDECER 9,213 EXT. CALLES PRINCIPALES DE LA ALDEA - ATARDECER
12237,LIRIA,...,12238,CONVERSATION,EXT. CALLES PRINCIPALES DE LA ALDEA - ATARDECER 10,213 EXT. CALLES PRINCIPALES DE LA ALDEA - ATARDECER
12238,LIRIA,Huh?,12239,CONVERSATION,EXT. CALLES PRINCIPALES DE LA ALDEA - ATARDECER 11,213 EXT. CALLES PRINCIPALES DE LA ALDEA - ATARDECER
12239,@NAME,...The ground...,12240,CONVERSATION,EXT. CALLES PRINCIPALES DE LA ALDEA - ATARDECER 12,213 EXT. CALLES PRINCIPALES DE LA ALDEA - ATARDECER
12240,LIRIA,The ground is shaking!,12241,CONVERSATION,EXT. CALLES PRINCIPALES DE LA ALDEA - ATARDECER 13,213 EXT. CALLES PRINCIPALES DE LA ALDEA - ATARDECER
12241,SOREN,Hushgrove is trying to process all the surplus life energy.,12242,CONVERSATION,EXT. CALLES PRINCIPALES DE LA ALDEA - ATARDECER 14,213 EXT. CALLES PRINCIPALES DE LA ALDEA - ATARDECER
12242,SOREN,And... it's overloading.,12243,CONVERSATION,EXT. CALLES PRINCIPALES DE LA ALDEA - ATARDECER 15,213 EXT. CALLES PRINCIPALES DE LA ALDEA - ATARDECER
12243,LIRIA,The village is breaking apart!,12244,CONVERSATION,EXT. CALLES PRINCIPALES DE LA ALDEA - ATARDECER 16,213 EXT. CALLES PRINCIPALES DE LA ALDEA - ATARDECER
12244,LIRIA,It's exactly what happened to the City!,12245,CONVERSATION,EXT. CALLES PRINCIPALES DE LA ALDEA - ATARDECER 17,213 EXT. CALLES PRINCIPALES DE LA ALDEA - ATARDECER
12245,LIRIA,The physical world fractures along with the minds of its inhabitants.,12246,CONVERSATION,EXT. CALLES PRINCIPALES DE LA ALDEA - ATARDECER 18,213 EXT. CALLES PRINCIPALES DE LA ALDEA - ATARDECER
12246,LIRIA,"We must pick up the pace, @NAME...",12247,CONVERSATION,EXT. CALLES PRINCIPALES DE LA ALDEA - ATARDECER 19,213 EXT. CALLES PRINCIPALES DE LA ALDEA - ATARDECER
12247,LIRIA,Or very soon there won't be any land left to defend.,12248,CONVERSATION,EXT. CALLES PRINCIPALES DE LA ALDEA - ATARDECER 20,213 EXT. CALLES PRINCIPALES DE LA ALDEA - ATARDECER
12248,LIRIA,"Come on, follow me!",,END,EXT. CALLES PRINCIPALES DE LA ALDEA - ATARDECER 21,213 EXT. CALLES PRINCIPALES DE LA ALDEA - ATARDECER
13331,LIRIA,"Alright, @NAME...",13332,CONVERSATION,INT. CONSEJO DE LA ALDEA - ATARDECER 1,214 INT. CONSEJO DE LA ALDEA - ATARDECER
13332,LIRIA,We've reached the Council's doors.,13333,CONVERSATION,INT. CONSEJO DE LA ALDEA - ATARDECER 2,214 INT. CONSEJO DE LA ALDEA - ATARDECER
13333,LIRIA,From here you can hear truly terrible noises...,13334,CONVERSATION,INT. CONSEJO DE LA ALDEA - ATARDECER 3,214 INT. CONSEJO DE LA ALDEA - ATARDECER
13334,LIRIA,Although it may be our only chance to put a stop to this madness.,13335,CONVERSATION,INT. CONSEJO DE LA ALDEA - ATARDECER 4,214 INT. CONSEJO DE LA ALDEA - ATARDECER
13335,LIRIA,Are you ready to go in?,13336,CONVERSATION,INT. CONSEJO DE LA ALDEA - ATARDECER 5,214 INT. CONSEJO DE LA ALDEA - ATARDECER
13336,JUGADOR,More ready than ever.,13337,CONVERSATION,INT. CONSEJO DE LA ALDEA - ATARDECER 6,214 INT. CONSEJO DE LA ALDEA - ATARDECER
13337,LIRIA,It's always comforting to hear words like that.,13338,CONVERSATION,INT. CONSEJO DE LA ALDEA - ATARDECER 7,214 INT. CONSEJO DE LA ALDEA - ATARDECER
13338,LIRIA,"Especially in hard moments like this... I appreciate that confidence you show, @NAME.",13339,CONVERSATION,INT. CONSEJO DE LA ALDEA - ATARDECER 8,214 INT. CONSEJO DE LA ALDEA - ATARDECER
13339,LIRIA,We can't falter now! Let's get to the bottom of this.,13340,CONVERSATION,INT. CONSEJO DE LA ALDEA - ATARDECER 9,214 INT. CONSEJO DE LA ALDEA - ATARDECER
13340,JUGADOR,I need to prepare better.,13341,CONVERSATION,INT. CONSEJO DE LA ALDEA - ATARDECER 10,214 INT. CONSEJO DE LA ALDEA - ATARDECER
13341,LIRIA,Of course.,13342,CONVERSATION,INT. CONSEJO DE LA ALDEA - ATARDECER 11,214 INT. CONSEJO DE LA ALDEA - ATARDECER
13342,LIRIA,Time is running out... But we have to be up to the task.,13343,CONVERSATION,INT. CONSEJO DE LA ALDEA - ATARDECER 12,214 INT. CONSEJO DE LA ALDEA - ATARDECER
13343,LIRIA,"Once we're inside, we can't afford even the slightest mistake.",13344,CONVERSATION,INT. CONSEJO DE LA ALDEA - ATARDECER 13,214 INT. CONSEJO DE LA ALDEA - ATARDECER
13344,LIRIA,Let me know when you're ready.,13345,CONVERSATION,INT. CONSEJO DE LA ALDEA - ATARDECER 14,214 INT. CONSEJO DE LA ALDEA - ATARDECER
13345,LIRIA,"Alright, we're in...",13346,CONVERSATION,INT. CONSEJO DE LA ALDEA - ATARDECER 15,214 INT. CONSEJO DE LA ALDEA - ATARDECER
13346,VOZ MISTERIOSA,ZAP,13347,CONVERSATION,INT. CONSEJO DE LA ALDEA - ATARDECER 16,214 INT. CONSEJO DE LA ALDEA - ATARDECER
13347,VOZ MISTERIOSA,"ZAP, ZAP, ZAP",13348,CONVERSATION,INT. CONSEJO DE LA ALDEA - ATARDECER 17,214 INT. CONSEJO DE LA ALDEA - ATARDECER
13348,LIRIA,@NAME! He's here!,13349,CONVERSATION,INT. CONSEJO DE LA ALDEA - ATARDECER 18,214 INT. CONSEJO DE LA ALDEA - ATARDECER
13349,LIRIA,Agh...,13350,CONVERSATION,INT. CONSEJO DE LA ALDEA - ATARDECER 19,214 INT. CONSEJO DE LA ALDEA - ATARDECER
13350,LIRIA,Bastard! Come out from wherever you are!,13351,CONVERSATION,INT. CONSEJO DE LA ALDEA - ATARDECER 20,214 INT. CONSEJO DE LA ALDEA - ATARDECER
13351,VOZ MISTERIOSA,"HA, HA, HA!",13352,CONVERSATION,INT. CONSEJO DE LA ALDEA - ATARDECER 21,214 INT. CONSEJO DE LA ALDEA - ATARDECER
13352,VOZ MISTERIOSA,I don't have to come out from anywhere...,13353,CONVERSATION,INT. CONSEJO DE LA ALDEA - ATARDECER 22,214 INT. CONSEJO DE LA ALDEA - ATARDECER
13353,VOZ MISTERIOSA,I'M EVERYWHERE!,13354,CONVERSATION,INT. CONSEJO DE LA ALDEA - ATARDECER 23,214 INT. CONSEJO DE LA ALDEA - ATARDECER
13354,VOZ MISTERIOSA,"HA, HA...",13355,CONVERSATION,INT. CONSEJO DE LA ALDEA - ATARDECER 24,214 INT. CONSEJO DE LA ALDEA - ATARDECER
13355,LIRIA,*Tch*!,13356,CONVERSATION,INT. CONSEJO DE LA ALDEA - ATARDECER 25,214 INT. CONSEJO DE LA ALDEA - ATARDECER
13356,LIRIA,Show yourself!,13357,CONVERSATION,INT. CONSEJO DE LA ALDEA - ATARDECER 26,214 INT. CONSEJO DE LA ALDEA - ATARDECER
13357,SOREN,He's a fleeting thought made flesh and bone.,13358,CONVERSATION,INT. CONSEJO DE LA ALDEA - ATARDECER 27,214 INT. CONSEJO DE LA ALDEA - ATARDECER
13358,SOREN,It won't be easy to catch him while he's on the move.,13359,CONVERSATION,INT. CONSEJO DE LA ALDEA - ATARDECER 28,214 INT. CONSEJO DE LA ALDEA - ATARDECER
13359,LIRIA,"We have to do something, @NAME...",13360,CONVERSATION,INT. CONSEJO DE LA ALDEA - ATARDECER 29,214 INT. CONSEJO DE LA ALDEA - ATARDECER
13360,JUGADOR,"Let's fight, if you have any honor left!",13361,CONVERSATION,INT. CONSEJO DE LA ALDEA - ATARDECER 30,214 INT. CONSEJO DE LA ALDEA - ATARDECER
13361,LIRIA,"That's it! Come down here, wretch!",13362,CONVERSATION,INT. CONSEJO DE LA ALDEA - ATARDECER 31,214 INT. CONSEJO DE LA ALDEA - ATARDECER
13362,VOZ MISTERIOSA,...,13363,CONVERSATION,INT. CONSEJO DE LA ALDEA - ATARDECER 32,214 INT. CONSEJO DE LA ALDEA - ATARDECER
13363,VOZ MISTERIOSA,"HA, HA, HA, HA, HA, HA, HA!",13364,CONVERSATION,INT. CONSEJO DE LA ALDEA - ATARDECER 33,214 INT. CONSEJO DE LA ALDEA - ATARDECER
13364,VOZ MISTERIOSA,HONOR?!,13365,CONVERSATION,INT. CONSEJO DE LA ALDEA - ATARDECER 34,214 INT. CONSEJO DE LA ALDEA - ATARDECER
13365,VOZ MISTERIOSA,YOU THINK I'M GOING TO WASTE MY TIME WITH YOU FOR... HONOR?!,13366,CONVERSATION,INT. CONSEJO DE LA ALDEA - ATARDECER 35,214 INT. CONSEJO DE LA ALDEA - ATARDECER
13366,VOZ MISTERIOSA,"HA, HA, HA, HA, HA, HA, HA, HA, HA, HA, HA, HA!",13367,CONVERSATION,INT. CONSEJO DE LA ALDEA - ATARDECER 36,214 INT. CONSEJO DE LA ALDEA - ATARDECER
13367,VOZ MISTERIOSA,LOOK! I'M FREE!,13368,CONVERSATION,INT. CONSEJO DE LA ALDEA - ATARDECER 37,214 INT. CONSEJO DE LA ALDEA - ATARDECER
13368,VOZ MISTERIOSA,WE DON'T NEED HONOR.,13369,CONVERSATION,INT. CONSEJO DE LA ALDEA - ATARDECER 38,214 INT. CONSEJO DE LA ALDEA - ATARDECER
13369,VOZ MISTERIOSA,WE DON'T NEED ANYTHING BUT FREEDOM!,13370,CONVERSATION,INT. CONSEJO DE LA ALDEA - ATARDECER 39,214 INT. CONSEJO DE LA ALDEA - ATARDECER
13370,VOZ MISTERIOSA,LITTLE BY LITTLE... THE WORLD IS WAKING UP!,13371,CONVERSATION,INT. CONSEJO DE LA ALDEA - ATARDECER 40,214 INT. CONSEJO DE LA ALDEA - ATARDECER
13371,VOZ MISTERIOSA,EVERYONE CLAIMS THEIR FREEDOM!,13372,CONVERSATION,INT. CONSEJO DE LA ALDEA - ATARDECER 41,214 INT. CONSEJO DE LA ALDEA - ATARDECER
13372,VOZ MISTERIOSA,YET THERE'S NO ONE MORE BLIND THAN THE ONE WHO REFUSES TO SEE...,13373,CONVERSATION,INT. CONSEJO DE LA ALDEA - ATARDECER 42,214 INT. CONSEJO DE LA ALDEA - ATARDECER
13373,VOZ MISTERIOSA,RIGHT?,13374,CONVERSATION,INT. CONSEJO DE LA ALDEA - ATARDECER 43,214 INT. CONSEJO DE LA ALDEA - ATARDECER
13374,VOZ MISTERIOSA,"HA, HA, HA, HA, HA, HA, HA, HA, HA, HA, HA, HA!",13375,CONVERSATION,INT. CONSEJO DE LA ALDEA - ATARDECER 44,214 INT. CONSEJO DE LA ALDEA - ATARDECER
13375,LIRIA,*Ngh*!,13376,CONVERSATION,INT. CONSEJO DE LA ALDEA - ATARDECER 45,214 INT. CONSEJO DE LA ALDEA - ATARDECER
13376,LIRIA,Damn it!,13377,CONVERSATION,INT. CONSEJO DE LA ALDEA - ATARDECER 46,214 INT. CONSEJO DE LA ALDEA - ATARDECER
13377,LIRIA,@NAME... We have to try another way...,13378,CONVERSATION,INT. CONSEJO DE LA ALDEA - ATARDECER 47,214 INT. CONSEJO DE LA ALDEA - ATARDECER
13378,JUGADOR,Let's split up and set a trap for him.,13379,CONVERSATION,INT. CONSEJO DE LA ALDEA - ATARDECER 48,214 INT. CONSEJO DE LA ALDEA - ATARDECER
13379,LIRIA,That idea...,13380,CONVERSATION,INT. CONSEJO DE LA ALDEA - ATARDECER 49,214 INT. CONSEJO DE LA ALDEA - ATARDECER
13380,LIRIA,"It could work, @NAME!",13381,CONVERSATION,INT. CONSEJO DE LA ALDEA - ATARDECER 50,214 INT. CONSEJO DE LA ALDEA - ATARDECER
13381,SOREN,Uhm...,13382,CONVERSATION,INT. CONSEJO DE LA ALDEA - ATARDECER 51,214 INT. CONSEJO DE LA ALDEA - ATARDECER
13382,SOREN,I think so too.,13383,CONVERSATION,INT. CONSEJO DE LA ALDEA - ATARDECER 52,214 INT. CONSEJO DE LA ALDEA - ATARDECER
13383,SOREN,Even if it's just this once...,13384,CONVERSATION,INT. CONSEJO DE LA ALDEA - ATARDECER 53,214 INT. CONSEJO DE LA ALDEA - ATARDECER
13384,SOREN,Count on my bow.,13385,CONVERSATION,INT. CONSEJO DE LA ALDEA - ATARDECER 54,214 INT. CONSEJO DE LA ALDEA - ATARDECER
13385,LIRIA,"Alright, let's try...",13386,CONVERSATION,INT. CONSEJO DE LA ALDEA - ATARDECER 55,214 INT. CONSEJO DE LA ALDEA - ATARDECER
13386,LIRIA,Let's try darkening the hall!,13387,CONVERSATION,INT. CONSEJO DE LA ALDEA - ATARDECER 56,214 INT. CONSEJO DE LA ALDEA - ATARDECER
13387,LIRIA,"Maybe then his trail will be a bit more visible, and we can locate him easily.",13388,CONVERSATION,INT. CONSEJO DE LA ALDEA - ATARDECER 57,214 INT. CONSEJO DE LA ALDEA - ATARDECER
13388,LIRIA,I'll take care of turning off the ceiling lights...,13389,CONVERSATION,INT. CONSEJO DE LA ALDEA - ATARDECER 58,214 INT. CONSEJO DE LA ALDEA - ATARDECER
13389,LIRIA,"You, @NAME, make sure there's no light source left in the lower area.",13390,CONVERSATION,INT. CONSEJO DE LA ALDEA - ATARDECER 59,214 INT. CONSEJO DE LA ALDEA - ATARDECER
13390,SOREN,And I...,13391,CONVERSATION,INT. CONSEJO DE LA ALDEA - ATARDECER 60,214 INT. CONSEJO DE LA ALDEA - ATARDECER
13391,SOREN,I'll make sure to predict his movements when his wake is visible.,13392,CONVERSATION,INT. CONSEJO DE LA ALDEA - ATARDECER 61,214 INT. CONSEJO DE LA ALDEA - ATARDECER
13392,SOREN,Just give me the order... And I'll hit the mark.,13393,CONVERSATION,INT. CONSEJO DE LA ALDEA - ATARDECER 62,214 INT. CONSEJO DE LA ALDEA - ATARDECER
13393,LIRIA,Come on... Let's do it!,13394,CONVERSATION,INT. CONSEJO DE LA ALDEA - ATARDECER 63,214 INT. CONSEJO DE LA ALDEA - ATARDECER
13394,JUGADOR,We have to get out of here!,13395,CONVERSATION,INT. CONSEJO DE LA ALDEA - ATARDECER 64,214 INT. CONSEJO DE LA ALDEA - ATARDECER
13395,LIRIA,What?!,13396,CONVERSATION,INT. CONSEJO DE LA ALDEA - ATARDECER 65,214 INT. CONSEJO DE LA ALDEA - ATARDECER
13396,LIRIA,"But, @NAME... We finally have him cornered!",13397,CONVERSATION,INT. CONSEJO DE LA ALDEA - ATARDECER 66,214 INT. CONSEJO DE LA ALDEA - ATARDECER
13397,LIRIA,It's our chance to save the village!,13398,CONVERSATION,INT. CONSEJO DE LA ALDEA - ATARDECER 67,214 INT. CONSEJO DE LA ALDEA - ATARDECER
13398,LIRIA,Agh... Fine! Let's run to the door!,13399,CONVERSATION,INT. CONSEJO DE LA ALDEA - ATARDECER 68,214 INT. CONSEJO DE LA ALDEA - ATARDECER
13399,LIRIA,Huh?!,13400,CONVERSATION,INT. CONSEJO DE LA ALDEA - ATARDECER 69,214 INT. CONSEJO DE LA ALDEA - ATARDECER
13400,LIRIA,It can't be!,13401,CONVERSATION,INT. CONSEJO DE LA ALDEA - ATARDECER 70,214 INT. CONSEJO DE LA ALDEA - ATARDECER
13401,LIRIA,He's blocked the door!,13402,CONVERSATION,INT. CONSEJO DE LA ALDEA - ATARDECER 71,214 INT. CONSEJO DE LA ALDEA - ATARDECER
13402,LIRIA,When did he do that?!,13403,CONVERSATION,INT. CONSEJO DE LA ALDEA - ATARDECER 72,214 INT. CONSEJO DE LA ALDEA - ATARDECER
13403,LIRIA,Ugh... We have to think of another solution!,13404,CONVERSATION,INT. CONSEJO DE LA ALDEA - ATARDECER 73,214 INT. CONSEJO DE LA ALDEA - ATARDECER
13404,LIRIA,One down!,13405,CONVERSATION,INT. CONSEJO DE LA ALDEA - ATARDECER 74,214 INT. CONSEJO DE LA ALDEA - ATARDECER
13405,LIRIA,Almost there!,13406,CONVERSATION,INT. CONSEJO DE LA ALDEA - ATARDECER 75,214 INT. CONSEJO DE LA ALDEA - ATARDECER
13406,LIRIA,Look... I can see the trail!,13407,CONVERSATION,INT. CONSEJO DE LA ALDEA - ATARDECER 76,214 INT. CONSEJO DE LA ALDEA - ATARDECER
13407,LIRIA,It's moving erratically... He wants to throw us off!,13408,CONVERSATION,INT. CONSEJO DE LA ALDEA - ATARDECER 77,214 INT. CONSEJO DE LA ALDEA - ATARDECER
13408,LIRIA,Huh?!,13409,CONVERSATION,INT. CONSEJO DE LA ALDEA - ATARDECER 78,214 INT. CONSEJO DE LA ALDEA - ATARDECER
13409,LIRIA,It's heading for the door!,13410,CONVERSATION,INT. CONSEJO DE LA ALDEA - ATARDECER 79,214 INT. CONSEJO DE LA ALDEA - ATARDECER
13410,LIRIA,Quick...!,13411,CONVERSATION,INT. CONSEJO DE LA ALDEA - ATARDECER 80,214 INT. CONSEJO DE LA ALDEA - ATARDECER
13411,LIRIA,NOW!,13412,CONVERSATION,INT. CONSEJO DE LA ALDEA - ATARDECER 81,214 INT. CONSEJO DE LA ALDEA - ATARDECER
13412,VOZ MISTERIOSA,!,13413,CONVERSATION,INT. CONSEJO DE LA ALDEA - ATARDECER 82,214 INT. CONSEJO DE LA ALDEA - ATARDECER
13413,VOZ MISTERIOSA,AAAAAAAAAAHHHHHHGGGGG!,13414,CONVERSATION,INT. CONSEJO DE LA ALDEA - ATARDECER 83,214 INT. CONSEJO DE LA ALDEA - ATARDECER
13414,VOZ MISTERIOSA,DAMNED SCUM!,13415,CONVERSATION,INT. CONSEJO DE LA ALDEA - ATARDECER 84,214 INT. CONSEJO DE LA ALDEA - ATARDECER
13415,VOZ MISTERIOSA,PRISONERS! DISCARDED! USELESS! MISERABLE! ABOMIN...!,13416,CONVERSATION,INT. CONSEJO DE LA ALDEA - ATARDECER 85,214 INT. CONSEJO DE LA ALDEA - ATARDECER
13416,VOZ MISTERIOSA,FOOLS! FOOLS! FOOLS!,13417,CONVERSATION,INT. CONSEJO DE LA ALDEA - ATARDECER 86,214 INT. CONSEJO DE LA ALDEA - ATARDECER
13417,VOZ MISTERIOSA,DO YOU EVEN KNOW WHAT YOU'RE FAC...?!,13418,CONVERSATION,INT. CONSEJO DE LA ALDEA - ATARDECER 87,214 INT. CONSEJO DE LA ALDEA - ATARDECER
13418,PARPADEO,I...,13419,CONVERSATION,INT. CONSEJO DE LA ALDEA - ATARDECER 88,214 INT. CONSEJO DE LA ALDEA - ATARDECER
13419,PARPADEO,I AM...,13420,CONVERSATION,INT. CONSEJO DE LA ALDEA - ATARDECER 89,214 INT. CONSEJO DE LA ALDEA - ATARDECER
13420,PARPADEO,BLINK!,13421,CONVERSATION,INT. CONSEJO DE LA ALDEA - ATARDECER 90,214 INT. CONSEJO DE LA ALDEA - ATARDECER
13421,PARPADEO,"BLINK, THE LIBERATOR!",13422,CONVERSATION,INT. CONSEJO DE LA ALDEA - ATARDECER 91,214 INT. CONSEJO DE LA ALDEA - ATARDECER
13422,PARPADEO,THE ONLY ONE CAPABLE OF STANDING UP TO THE ESTABLISH...!,13423,CONVERSATION,INT. CONSEJO DE LA ALDEA - ATARDECER 92,214 INT. CONSEJO DE LA ALDEA - ATARDECER
13423,PARPADEO,THE ONLY ONE CAPABLE OF TEARING OFF THE YOKE THAT...!,13424,CONVERSATION,INT. CONSEJO DE LA ALDEA - ATARDECER 93,214 INT. CONSEJO DE LA ALDEA - ATARDECER
13424,PARPADEO,THE ONLY ONE CAPABLE OF ESCAPING THIS PRISON OF EARTH AND TEDIUM!,13425,CONVERSATION,INT. CONSEJO DE LA ALDEA - ATARDECER 94,214 INT. CONSEJO DE LA ALDEA - ATARDECER
13425,PARPADEO,THE ONLY ONE CAPABLE OF FREEING THE WORLD FROM ITS CHAINS.,13426,CONVERSATION,INT. CONSEJO DE LA ALDEA - ATARDECER 95,214 INT. CONSEJO DE LA ALDEA - ATARDECER
13426,PARPADEO,UGH!,13427,CONVERSATION,INT. CONSEJO DE LA ALDEA - ATARDECER 96,214 INT. CONSEJO DE LA ALDEA - ATARDECER
13427,PARPADEO,I SUFFERED SO MUCH TO TAKE MINE OFF...,13428,CONVERSATION,INT. CONSEJO DE LA ALDEA - ATARDECER 97,214 INT. CONSEJO DE LA ALDEA - ATARDECER
13428,PARPADEO,AND NEITHER YOU NOR ANYONE WILL PUT THEM ON ME AGAIN!,13429,CONVERSATION,INT. CONSEJO DE LA ALDEA - ATARDECER 98,214 INT. CONSEJO DE LA ALDEA - ATARDECER
13429,LIRIA,"Come on, @NAME... Focus!",13430,CONVERSATION,INT. CONSEJO DE LA ALDEA - ATARDECER 99,214 INT. CONSEJO DE LA ALDEA - ATARDECER
13430,LIRIA,He's almost ours!,13431,CONVERSATION,INT. CONSEJO DE LA ALDEA - ATARDECER 100,214 INT. CONSEJO DE LA ALDEA - ATARDECER
13431,LIRIA,...,13432,CONVERSATION,INT. CONSEJO DE LA ALDEA - ATARDECER 101,214 INT. CONSEJO DE LA ALDEA - ATARDECER
13432,LIRIA,Huh?,13433,CONVERSATION,INT. CONSEJO DE LA ALDEA - ATARDECER 102,214 INT. CONSEJO DE LA ALDEA - ATARDECER
13433,LIRIA,@NAME! He's getting away!,13434,CONVERSATION,INT. CONSEJO DE LA ALDEA - ATARDECER 103,214 INT. CONSEJO DE LA ALDEA - ATARDECER
13434,LIRIA,He's going deeper into the Council!,13435,CONVERSATION,INT. CONSEJO DE LA ALDEA - ATARDECER 104,214 INT. CONSEJO DE LA ALDEA - ATARDECER
13435,LIRIA,We can't afford to lose him now...,13436,CONVERSATION,INT. CONSEJO DE LA ALDEA - ATARDECER 105,214 INT. CONSEJO DE LA ALDEA - ATARDECER
13436,LIRIA,"Run, let's follow him!",,END,INT. CONSEJO DE LA ALDEA - ATARDECER 106,214 INT. CONSEJO DE LA ALDEA - ATARDECER
14519,LIRIA,@NAME...,14520,CONVERSATION,INT. CÁMARA DEL CONSEJO DE LA ALDEA - ATARDECER 1,215 INT. CÁMARA DEL CONSEJO DE LA ALDEA - ATARDECER
14520,LIRIA,The noise... It's gone.,14521,CONVERSATION,INT. CÁMARA DEL CONSEJO DE LA ALDEA - ATARDECER 2,215 INT. CÁMARA DEL CONSEJO DE LA ALDEA - ATARDECER
14521,LIRIA,No...,14522,CONVERSATION,INT. CÁMARA DEL CONSEJO DE LA ALDEA - ATARDECER 3,215 INT. CÁMARA DEL CONSEJO DE LA ALDEA - ATARDECER
14522,LIRIA,It can't be.,14523,CONVERSATION,INT. CÁMARA DEL CONSEJO DE LA ALDEA - ATARDECER 4,215 INT. CÁMARA DEL CONSEJO DE LA ALDEA - ATARDECER
14523,LIRIA,Parpadeo has vanished.,14524,CONVERSATION,INT. CÁMARA DEL CONSEJO DE LA ALDEA - ATARDECER 5,215 INT. CÁMARA DEL CONSEJO DE LA ALDEA - ATARDECER
14524,LIRIA,He's not here...,14525,CONVERSATION,INT. CÁMARA DEL CONSEJO DE LA ALDEA - ATARDECER 6,215 INT. CÁMARA DEL CONSEJO DE LA ALDEA - ATARDECER
14525,LIRIA,"And you can't hear any noise outside, either.",14526,CONVERSATION,INT. CÁMARA DEL CONSEJO DE LA ALDEA - ATARDECER 7,215 INT. CÁMARA DEL CONSEJO DE LA ALDEA - ATARDECER
14526,LIRIA,But... how? How could he do something like this?,14527,CONVERSATION,INT. CÁMARA DEL CONSEJO DE LA ALDEA - ATARDECER 8,215 INT. CÁMARA DEL CONSEJO DE LA ALDEA - ATARDECER
14527,LIRIA,Did he have an escape plan prepared?,14528,CONVERSATION,INT. CÁMARA DEL CONSEJO DE LA ALDEA - ATARDECER 9,215 INT. CÁMARA DEL CONSEJO DE LA ALDEA - ATARDECER
14528,LIRIA,It can't be...,14529,CONVERSATION,INT. CÁMARA DEL CONSEJO DE LA ALDEA - ATARDECER 10,215 INT. CÁMARA DEL CONSEJO DE LA ALDEA - ATARDECER
14529,LIRIA,...,14530,CONVERSATION,INT. CÁMARA DEL CONSEJO DE LA ALDEA - ATARDECER 11,215 INT. CÁMARA DEL CONSEJO DE LA ALDEA - ATARDECER
14530,LIRIA,Alright... Let's breathe.,14531,CONVERSATION,INT. CÁMARA DEL CONSEJO DE LA ALDEA - ATARDECER 12,215 INT. CÁMARA DEL CONSEJO DE LA ALDEA - ATARDECER
14531,LIRIA,Let's analyze the situation.,14532,CONVERSATION,INT. CÁMARA DEL CONSEJO DE LA ALDEA - ATARDECER 13,215 INT. CÁMARA DEL CONSEJO DE LA ALDEA - ATARDECER
14532,SOREN,I have information about Parpadeo that I think I'd like to share with you.,14533,CONVERSATION,INT. CÁMARA DEL CONSEJO DE LA ALDEA - ATARDECER 14,215 INT. CÁMARA DEL CONSEJO DE LA ALDEA - ATARDECER
14533,SOREN,I think it could give us clues about what happened.,14534,CONVERSATION,INT. CÁMARA DEL CONSEJO DE LA ALDEA - ATARDECER 15,215 INT. CÁMARA DEL CONSEJO DE LA ALDEA - ATARDECER
14534,SOREN,"You see, Parpadeo...",14535,CONVERSATION,INT. CÁMARA DEL CONSEJO DE LA ALDEA - ATARDECER 16,215 INT. CÁMARA DEL CONSEJO DE LA ALDEA - ATARDECER
14535,SOREN,"Long ago, he was one of the few children who lived in this very village.",14536,CONVERSATION,INT. CÁMARA DEL CONSEJO DE LA ALDEA - ATARDECER 17,215 INT. CÁMARA DEL CONSEJO DE LA ALDEA - ATARDECER
14536,SOREN,He breathed life into our town.,14537,CONVERSATION,INT. CÁMARA DEL CONSEJO DE LA ALDEA - ATARDECER 18,215 INT. CÁMARA DEL CONSEJO DE LA ALDEA - ATARDECER
14537,SOREN,"We all remember his liveliness, his courage, his constant drive to improve.",14538,CONVERSATION,INT. CÁMARA DEL CONSEJO DE LA ALDEA - ATARDECER 19,215 INT. CÁMARA DEL CONSEJO DE LA ALDEA - ATARDECER
14538,SOREN,A one-of-a-kind boy...,14539,CONVERSATION,INT. CÁMARA DEL CONSEJO DE LA ALDEA - ATARDECER 20,215 INT. CÁMARA DEL CONSEJO DE LA ALDEA - ATARDECER
14539,SOREN,...With boundless ambition.,14540,CONVERSATION,INT. CÁMARA DEL CONSEJO DE LA ALDEA - ATARDECER 21,215 INT. CÁMARA DEL CONSEJO DE LA ALDEA - ATARDECER
14540,SOREN,There came a time when his desire to take on the world betrayed him.,14541,CONVERSATION,INT. CÁMARA DEL CONSEJO DE LA ALDEA - ATARDECER 22,215 INT. CÁMARA DEL CONSEJO DE LA ALDEA - ATARDECER
14541,SOREN,They made him choose between what he loved and what he needed.,14542,CONVERSATION,INT. CÁMARA DEL CONSEJO DE LA ALDEA - ATARDECER 23,215 INT. CÁMARA DEL CONSEJO DE LA ALDEA - ATARDECER
14542,SOREN,And he chose to renounce his own roots.,14543,CONVERSATION,INT. CÁMARA DEL CONSEJO DE LA ALDEA - ATARDECER 24,215 INT. CÁMARA DEL CONSEJO DE LA ALDEA - ATARDECER
14543,SOREN,He mistook freedom for debauchery.,14544,CONVERSATION,INT. CÁMARA DEL CONSEJO DE LA ALDEA - ATARDECER 25,215 INT. CÁMARA DEL CONSEJO DE LA ALDEA - ATARDECER
14544,SOREN,He looted his own family and friends. He razed everything he could...,14545,CONVERSATION,INT. CÁMARA DEL CONSEJO DE LA ALDEA - ATARDECER 26,215 INT. CÁMARA DEL CONSEJO DE LA ALDEA - ATARDECER
14545,SOREN,And then he disappeared.,14546,CONVERSATION,INT. CÁMARA DEL CONSEJO DE LA ALDEA - ATARDECER 27,215 INT. CÁMARA DEL CONSEJO DE LA ALDEA - ATARDECER
14546,SOREN,"Now... It seems he has some kind of connection to the Siren, the tyrant of the north.",14547,CONVERSATION,INT. CÁMARA DEL CONSEJO DE LA ALDEA - ATARDECER 28,215 INT. CÁMARA DEL CONSEJO DE LA ALDEA - ATARDECER
14547,SOREN,"She uses him as her personal messenger, or something like that...",14548,CONVERSATION,INT. CÁMARA DEL CONSEJO DE LA ALDEA - ATARDECER 29,215 INT. CÁMARA DEL CONSEJO DE LA ALDEA - ATARDECER
14548,SOREN,"And he sows chaos wherever he goes, shaping the fate of all who cross his path.",14549,CONVERSATION,INT. CÁMARA DEL CONSEJO DE LA ALDEA - ATARDECER 30,215 INT. CÁMARA DEL CONSEJO DE LA ALDEA - ATARDECER
14549,SOREN,He distracts them. He seduces them. He turns them from their path.,14550,CONVERSATION,INT. CÁMARA DEL CONSEJO DE LA ALDEA - ATARDECER 31,215 INT. CÁMARA DEL CONSEJO DE LA ALDEA - ATARDECER
14550,SOREN,Anyway... I think he may have used the Siren's powers to get out of this situation.,14551,CONVERSATION,INT. CÁMARA DEL CONSEJO DE LA ALDEA - ATARDECER 32,215 INT. CÁMARA DEL CONSEJO DE LA ALDEA - ATARDECER
14551,SOREN,"And it's possible that, after the battle and the assault on the village, he'll seek shelter in her lair to heal his wounds.",14552,CONVERSATION,INT. CÁMARA DEL CONSEJO DE LA ALDEA - ATARDECER 33,215 INT. CÁMARA DEL CONSEJO DE LA ALDEA - ATARDECER
14552,LIRIA,Let me think for a moment about all this...,14553,CONVERSATION,INT. CÁMARA DEL CONSEJO DE LA ALDEA - ATARDECER 34,215 INT. CÁMARA DEL CONSEJO DE LA ALDEA - ATARDECER
14553,LIRIA,Parpadeo is undoubtedly fast...,14554,CONVERSATION,INT. CÁMARA DEL CONSEJO DE LA ALDEA - ATARDECER 35,215 INT. CÁMARA DEL CONSEJO DE LA ALDEA - ATARDECER
14554,LIRIA,But we've seen that he's not invincible.,14555,CONVERSATION,INT. CÁMARA DEL CONSEJO DE LA ALDEA - ATARDECER 36,215 INT. CÁMARA DEL CONSEJO DE LA ALDEA - ATARDECER
14555,LIRIA,"His power is limited. And as such, it would make sense that he'd need to recover.",14556,CONVERSATION,INT. CÁMARA DEL CONSEJO DE LA ALDEA - ATARDECER 37,215 INT. CÁMARA DEL CONSEJO DE LA ALDEA - ATARDECER
14556,LIRIA,He's a being who seems to enjoy chaos... It may even be his source of energy.,14557,CONVERSATION,INT. CÁMARA DEL CONSEJO DE LA ALDEA - ATARDECER 38,215 INT. CÁMARA DEL CONSEJO DE LA ALDEA - ATARDECER
14557,LIRIA,Uhm...,14558,CONVERSATION,INT. CÁMARA DEL CONSEJO DE LA ALDEA - ATARDECER 39,215 INT. CÁMARA DEL CONSEJO DE LA ALDEA - ATARDECER
14558,LIRIA,Alright... I think I see it clearly now.,14559,CONVERSATION,INT. CÁMARA DEL CONSEJO DE LA ALDEA - ATARDECER 40,215 INT. CÁMARA DEL CONSEJO DE LA ALDEA - ATARDECER
14559,LIRIA,"Chaos is much more intense in the north of the kingdom, where the Cataclysm was greater.",14560,CONVERSATION,INT. CÁMARA DEL CONSEJO DE LA ALDEA - ATARDECER 41,215 INT. CÁMARA DEL CONSEJO DE LA ALDEA - ATARDECER
14560,LIRIA,"In the north, the land is badly fractured, the laws of physics don't work as they should...",14561,CONVERSATION,INT. CÁMARA DEL CONSEJO DE LA ALDEA - ATARDECER 42,215 INT. CÁMARA DEL CONSEJO DE LA ALDEA - ATARDECER
14561,LIRIA,...And the noise is heavy and distressing. Just like the one Parpadeo was making.,14562,CONVERSATION,INT. CÁMARA DEL CONSEJO DE LA ALDEA - ATARDECER 43,215 INT. CÁMARA DEL CONSEJO DE LA ALDEA - ATARDECER
14562,LIRIA,I have no doubt that we must head there.,14563,CONVERSATION,INT. CÁMARA DEL CONSEJO DE LA ALDEA - ATARDECER 44,215 INT. CÁMARA DEL CONSEJO DE LA ALDEA - ATARDECER
14563,LIRIA,We have to find Parpadeo's whereabouts...,14564,CONVERSATION,INT. CÁMARA DEL CONSEJO DE LA ALDEA - ATARDECER 45,215 INT. CÁMARA DEL CONSEJO DE LA ALDEA - ATARDECER
14564,LIRIA,"And finally figure out what's happened to the village, to its inhabitants...",14565,CONVERSATION,INT. CÁMARA DEL CONSEJO DE LA ALDEA - ATARDECER 46,215 INT. CÁMARA DEL CONSEJO DE LA ALDEA - ATARDECER
14565,LIRIA,And why Mindveil is collapsing.,14566,CONVERSATION,INT. CÁMARA DEL CONSEJO DE LA ALDEA - ATARDECER 47,215 INT. CÁMARA DEL CONSEJO DE LA ALDEA - ATARDECER
14566,LIRIA,Now we're in this together... We're a team.,14567,CONVERSATION,INT. CÁMARA DEL CONSEJO DE LA ALDEA - ATARDECER 48,215 INT. CÁMARA DEL CONSEJO DE LA ALDEA - ATARDECER
14567,LIRIA,"Let's go, team!",14568,CONVERSATION,INT. CÁMARA DEL CONSEJO DE LA ALDEA - ATARDECER 49,215 INT. CÁMARA DEL CONSEJO DE LA ALDEA - ATARDECER
14568,LIRIA,"We have to do it, @NAME.",14569,CONVERSATION,INT. CÁMARA DEL CONSEJO DE LA ALDEA - ATARDECER 50,215 INT. CÁMARA DEL CONSEJO DE LA ALDEA - ATARDECER
14569,LIRIA,Let's hunt the hunter!,,END,INT. CÁMARA DEL CONSEJO DE LA ALDEA - ATARDECER 51,215 INT. CÁMARA DEL CONSEJO DE LA ALDEA - ATARDECER
14570,LIRIA,Well...,14571,CONVERSATION,INT. SALIDA TRASERA DE LA ALDEA - NOCHE CERRADA 1,216 INT. SALIDA TRASERA DE LA ALDEA - NOCHE CERRADA
14571,LIRIA,"The immediate danger has passed, it's true.",14572,CONVERSATION,INT. SALIDA TRASERA DE LA ALDEA - NOCHE CERRADA 2,216 INT. SALIDA TRASERA DE LA ALDEA - NOCHE CERRADA
14572,LIRIA,But... I can't help feeling that constant weight.,14573,CONVERSATION,INT. SALIDA TRASERA DE LA ALDEA - NOCHE CERRADA 3,216 INT. SALIDA TRASERA DE LA ALDEA - NOCHE CERRADA
14573,LIRIA,That urgency. That pressure.,14574,CONVERSATION,INT. SALIDA TRASERA DE LA ALDEA - NOCHE CERRADA 4,216 INT. SALIDA TRASERA DE LA ALDEA - NOCHE CERRADA
14574,LIRIA,"That... need to keep moving. To reach Parpadeo's lair, to find him as soon as possible.",14575,CONVERSATION,INT. SALIDA TRASERA DE LA ALDEA - NOCHE CERRADA 5,216 INT. SALIDA TRASERA DE LA ALDEA - NOCHE CERRADA
14575,LIRIA,Ah...,14576,CONVERSATION,INT. SALIDA TRASERA DE LA ALDEA - NOCHE CERRADA 6,216 INT. SALIDA TRASERA DE LA ALDEA - NOCHE CERRADA
14576,LIRIA,"I think it might be a good idea to stop for a moment, take a deep breath, and rest.",14577,CONVERSATION,INT. SALIDA TRASERA DE LA ALDEA - NOCHE CERRADA 7,216 INT. SALIDA TRASERA DE LA ALDEA - NOCHE CERRADA
14577,LIRIA,We need to shore up our next steps.,14578,CONVERSATION,INT. SALIDA TRASERA DE LA ALDEA - NOCHE CERRADA 8,216 INT. SALIDA TRASERA DE LA ALDEA - NOCHE CERRADA
14578,LIRIA,"Prepare properly, grow, and sharpen the axe, as they say.",14579,CONVERSATION,INT. SALIDA TRASERA DE LA ALDEA - NOCHE CERRADA 9,216 INT. SALIDA TRASERA DE LA ALDEA - NOCHE CERRADA
14579,LIRIA,"It's important that we move quickly, yes, but also with confidence and steadily.",14580,CONVERSATION,INT. SALIDA TRASERA DE LA ALDEA - NOCHE CERRADA 10,216 INT. SALIDA TRASERA DE LA ALDEA - NOCHE CERRADA
14580,LIRIA,"And at the end of the day... We've stopped the village's devastation, and we've looked after the town.",14581,CONVERSATION,INT. SALIDA TRASERA DE LA ALDEA - NOCHE CERRADA 11,216 INT. SALIDA TRASERA DE LA ALDEA - NOCHE CERRADA
14581,LIRIA,"Even if there are doubts to resolve, we shouldn't have to worry about them anymore.",14582,CONVERSATION,INT. SALIDA TRASERA DE LA ALDEA - NOCHE CERRADA 12,216 INT. SALIDA TRASERA DE LA ALDEA - NOCHE CERRADA
14582,LIRIA,Anyway...,14583,CONVERSATION,INT. SALIDA TRASERA DE LA ALDEA - NOCHE CERRADA 13,216 INT. SALIDA TRASERA DE LA ALDEA - NOCHE CERRADA
14583,LIRIA,Let's light a campfire and sit down before we continue.,14584,CONVERSATION,INT. SALIDA TRASERA DE LA ALDEA - NOCHE CERRADA 14,216 INT. SALIDA TRASERA DE LA ALDEA - NOCHE CERRADA
14584,LIRIA,There's something I'd like to tell you.,14585,CONVERSATION,INT. SALIDA TRASERA DE LA ALDEA - NOCHE CERRADA 15,216 INT. SALIDA TRASERA DE LA ALDEA - NOCHE CERRADA
14585,LIRIA,Now that's more like it!,14586,CONVERSATION,INT. SALIDA TRASERA DE LA ALDEA - NOCHE CERRADA 16,216 INT. SALIDA TRASERA DE LA ALDEA - NOCHE CERRADA
14586,LIRIA,How I've missed this!,14587,CONVERSATION,INT. SALIDA TRASERA DE LA ALDEA - NOCHE CERRADA 17,216 INT. SALIDA TRASERA DE LA ALDEA - NOCHE CERRADA
14587,LIRIA,Especially after how cold it was in the Council...,14588,CONVERSATION,INT. SALIDA TRASERA DE LA ALDEA - NOCHE CERRADA 18,216 INT. SALIDA TRASERA DE LA ALDEA - NOCHE CERRADA
14588,LIRIA,"Well, a promise is a promise!",14589,CONVERSATION,INT. SALIDA TRASERA DE LA ALDEA - NOCHE CERRADA 19,216 INT. SALIDA TRASERA DE LA ALDEA - NOCHE CERRADA
14589,LIRIA,Can you guess why this place was called Hushgrove?,14590,CONVERSATION,INT. SALIDA TRASERA DE LA ALDEA - NOCHE CERRADA 20,216 INT. SALIDA TRASERA DE LA ALDEA - NOCHE CERRADA
14590,LIRIA,"Because from up here, the ancient sages would look to the horizon in the most absolute calm. In total silence.",14591,CONVERSATION,INT. SALIDA TRASERA DE LA ALDEA - NOCHE CERRADA 21,216 INT. SALIDA TRASERA DE LA ALDEA - NOCHE CERRADA
14591,LIRIA,"With that, they sought to predict the future of Mindveil, and of their own village... through the stars. They were patient. They understood that good things take time.",14592,CONVERSATION,INT. SALIDA TRASERA DE LA ALDEA - NOCHE CERRADA 22,216 INT. SALIDA TRASERA DE LA ALDEA - NOCHE CERRADA
14592,LIRIA,They watched. They thought. They reflected. They were patient.,14593,CONVERSATION,INT. SALIDA TRASERA DE LA ALDEA - NOCHE CERRADA 23,216 INT. SALIDA TRASERA DE LA ALDEA - NOCHE CERRADA
14593,LIRIA,They understood that good things take time to arrive....,14594,CONVERSATION,INT. SALIDA TRASERA DE LA ALDEA - NOCHE CERRADA 24,216 INT. SALIDA TRASERA DE LA ALDEA - NOCHE CERRADA
14594,LIRIA,...And that no news is sometimes the best news one can receive.,14595,CONVERSATION,INT. SALIDA TRASERA DE LA ALDEA - NOCHE CERRADA 25,216 INT. SALIDA TRASERA DE LA ALDEA - NOCHE CERRADA
14595,LIRIA,"Now, no one looks to the sky.",14596,CONVERSATION,INT. SALIDA TRASERA DE LA ALDEA - NOCHE CERRADA 26,216 INT. SALIDA TRASERA DE LA ALDEA - NOCHE CERRADA
14596,LIRIA,We've lowered our gaze to focus on the immediate.,14597,CONVERSATION,INT. SALIDA TRASERA DE LA ALDEA - NOCHE CERRADA 27,216 INT. SALIDA TRASERA DE LA ALDEA - NOCHE CERRADA
14597,LIRIA,"But when you strip someone of the ability to wait, you also strip them of their future.",14598,CONVERSATION,INT. SALIDA TRASERA DE LA ALDEA - NOCHE CERRADA 28,216 INT. SALIDA TRASERA DE LA ALDEA - NOCHE CERRADA
14598,LIRIA,Maybe that's why Hushgrove's gates were wide open...,14599,CONVERSATION,INT. SALIDA TRASERA DE LA ALDEA - NOCHE CERRADA 29,216 INT. SALIDA TRASERA DE LA ALDEA - NOCHE CERRADA
14599,LIRIA,"Because maybe there was no future left to protect, only shadows chasing glimmers.",,END,INT. SALIDA TRASERA DE LA ALDEA - NOCHE CERRADA 30,216 INT. SALIDA TRASERA DE LA ALDEA - NOCHE CERRADA
15682,LIRIA,This is the River of Thoughts.,15683,CONVERSATION,EXT. CAMINO HACIA EL NORTE - AMANECER 1,217 EXT. CAMINO HACIA EL NORTE - AMANECER
15683,LIRIA,Look at its... waters.,15684,CONVERSATION,EXT. CAMINO HACIA EL NORTE - AMANECER 2,217 EXT. CAMINO HACIA EL NORTE - AMANECER
15684,LIRIA,"Look at its... waters, @NAME.",15685,CONVERSATION,EXT. CAMINO HACIA EL NORTE - AMANECER 3,217 EXT. CAMINO HACIA EL NORTE - AMANECER
15685,LIRIA,They're... viscous. I don't even think they can be classified as such.,15686,CONVERSATION,EXT. CAMINO HACIA EL NORTE - AMANECER 4,217 EXT. CAMINO HACIA EL NORTE - AMANECER
15686,LIRIA,"Legend says the river carries all the kingdom's ""maybes.""",15687,CONVERSATION,EXT. CAMINO HACIA EL NORTE - AMANECER 5,217 EXT. CAMINO HACIA EL NORTE - AMANECER
15687,LIRIA,"A flow of discarded ideas, hopes and expectations, tasks that were never completed...",15688,CONVERSATION,EXT. CAMINO HACIA EL NORTE - AMANECER 6,217 EXT. CAMINO HACIA EL NORTE - AMANECER
15688,LIRIA,"Which, however, is far from ""flowing""...",15689,CONVERSATION,EXT. CAMINO HACIA EL NORTE - AMANECER 7,217 EXT. CAMINO HACIA EL NORTE - AMANECER
15689,LIRIA,It's so saturated it looks like mud...,15690,CONVERSATION,EXT. CAMINO HACIA EL NORTE - AMANECER 8,217 EXT. CAMINO HACIA EL NORTE - AMANECER
15690,LIRIA,I don't think we can swim across without drowning in it.,15691,CONVERSATION,EXT. CAMINO HACIA EL NORTE - AMANECER 9,217 EXT. CAMINO HACIA EL NORTE - AMANECER
15691,LIRIA,And just stepping on it could weigh on us mentally...,15692,CONVERSATION,EXT. CAMINO HACIA EL NORTE - AMANECER 10,217 EXT. CAMINO HACIA EL NORTE - AMANECER
15692,LIRIA,And even erase or alter many of our memories.,15693,CONVERSATION,EXT. CAMINO HACIA EL NORTE - AMANECER 11,217 EXT. CAMINO HACIA EL NORTE - AMANECER
15693,SOREN,Wait a moment...,15694,CONVERSATION,EXT. CAMINO HACIA EL NORTE - AMANECER 12,217 EXT. CAMINO HACIA EL NORTE - AMANECER
15694,SOREN,Let me throw a stone to check its absorption rate.,15695,CONVERSATION,EXT. CAMINO HACIA EL NORTE - AMANECER 13,217 EXT. CAMINO HACIA EL NORTE - AMANECER
15695,SOREN,...,15696,CONVERSATION,EXT. CAMINO HACIA EL NORTE - AMANECER 14,217 EXT. CAMINO HACIA EL NORTE - AMANECER
15696,SOREN,Wow... What speed.,15697,CONVERSATION,EXT. CAMINO HACIA EL NORTE - AMANECER 15,217 EXT. CAMINO HACIA EL NORTE - AMANECER
15697,SOREN,That definitely wasn't in my calculations.,15698,CONVERSATION,EXT. CAMINO HACIA EL NORTE - AMANECER 16,217 EXT. CAMINO HACIA EL NORTE - AMANECER
15698,LIRIA,Uhm... What can we do?,15700,CONVERSATION,EXT. CAMINO HACIA EL NORTE - AMANECER 17,217 EXT. CAMINO HACIA EL NORTE - AMANECER
15699,JUGADOR,Let's force our way across.,,END,EXT. CAMINO HACIA EL NORTE - AMANECER 18,217 EXT. CAMINO HACIA EL NORTE - AMANECER
15700,JUGADOR,Let's focus on the stones that rise from the river.,15701,CONVERSATION,EXT. CAMINO HACIA EL NORTE - AMANECER 19,217 EXT. CAMINO HACIA EL NORTE - AMANECER
15701,LIRIA,"That's a very good idea, @NAME!",15702,CONVERSATION,EXT. CAMINO HACIA EL NORTE - AMANECER 20,217 EXT. CAMINO HACIA EL NORTE - AMANECER
15702,LIRIA,If we pay close enough attention...,15703,CONVERSATION,EXT. CAMINO HACIA EL NORTE - AMANECER 21,217 EXT. CAMINO HACIA EL NORTE - AMANECER
15703,LIRIA,We can use the stones to cross!,15704,CONVERSATION,EXT. CAMINO HACIA EL NORTE - AMANECER 22,217 EXT. CAMINO HACIA EL NORTE - AMANECER
15704,LIRIA,This isn't an agility exercise... It's an attention exercise!,15705,CONVERSATION,EXT. CAMINO HACIA EL NORTE - AMANECER 23,217 EXT. CAMINO HACIA EL NORTE - AMANECER
15705,SOREN,Uhm...,15706,CONVERSATION,EXT. CAMINO HACIA EL NORTE - AMANECER 24,217 EXT. CAMINO HACIA EL NORTE - AMANECER
15706,SOREN,Fascinating.,15707,CONVERSATION,EXT. CAMINO HACIA EL NORTE - AMANECER 25,217 EXT. CAMINO HACIA EL NORTE - AMANECER
15707,SOREN,The platforms' appearance pattern follows an almost perfect Fibonacci sequence....,15708,CONVERSATION,EXT. CAMINO HACIA EL NORTE - AMANECER 26,217 EXT. CAMINO HACIA EL NORTE - AMANECER
15708,SOREN,...But it's distorted by the level of ambient anxiety.,15709,CONVERSATION,EXT. CAMINO HACIA EL NORTE - AMANECER 27,217 EXT. CAMINO HACIA EL NORTE - AMANECER
15709,SOREN,"There are a total of 72 possible crossing routes, but 70 end in an area of severe cognitive turbulence.",15710,CONVERSATION,EXT. CAMINO HACIA EL NORTE - AMANECER 28,217 EXT. CAMINO HACIA EL NORTE - AMANECER
15710,SOREN,The probability that the three of us cross without losing a single important memory is... negligible.,15711,CONVERSATION,EXT. CAMINO HACIA EL NORTE - AMANECER 29,217 EXT. CAMINO HACIA EL NORTE - AMANECER
15711,LIRIA,Soren!,15712,CONVERSATION,EXT. CAMINO HACIA EL NORTE - AMANECER 30,217 EXT. CAMINO HACIA EL NORTE - AMANECER
15712,SOREN,"To cross successfully, someone would need to predict the noise's trajectory and neutralize it before it reaches our path...",15713,CONVERSATION,EXT. CAMINO HACIA EL NORTE - AMANECER 31,217 EXT. CAMINO HACIA EL NORTE - AMANECER
15713,SOREN,But... That would require a precision I no longer possess.,15714,CONVERSATION,EXT. CAMINO HACIA EL NORTE - AMANECER 32,217 EXT. CAMINO HACIA EL NORTE - AMANECER
15714,LIRIA,Oh...,15715,CONVERSATION,EXT. CAMINO HACIA EL NORTE - AMANECER 33,217 EXT. CAMINO HACIA EL NORTE - AMANECER
15715,LIRIA,...,15716,CONVERSATION,EXT. CAMINO HACIA EL NORTE - AMANECER 34,217 EXT. CAMINO HACIA EL NORTE - AMANECER
15716,LIRIA,"Soren, your analysis is astounding, but...",15717,CONVERSATION,EXT. CAMINO HACIA EL NORTE - AMANECER 35,217 EXT. CAMINO HACIA EL NORTE - AMANECER
15717,LIRIA,We can't just overanalyze the situation!,15718,CONVERSATION,EXT. CAMINO HACIA EL NORTE - AMANECER 36,217 EXT. CAMINO HACIA EL NORTE - AMANECER
15718,LIRIA,We have to take action!,15719,CONVERSATION,EXT. CAMINO HACIA EL NORTE - AMANECER 37,217 EXT. CAMINO HACIA EL NORTE - AMANECER
15719,LIRIA,"Come on, let's go!",15720,CONVERSATION,EXT. CAMINO HACIA EL NORTE - AMANECER 38,217 EXT. CAMINO HACIA EL NORTE - AMANECER
15720,LIRIA,...!,15721,CONVERSATION,EXT. CAMINO HACIA EL NORTE - AMANECER 39,217 EXT. CAMINO HACIA EL NORTE - AMANECER
15721,LIRIA,That's it! We did it!,15722,CONVERSATION,EXT. CAMINO HACIA EL NORTE - AMANECER 40,217 EXT. CAMINO HACIA EL NORTE - AMANECER
15722,LIRIA,I knew we could do it!,15723,CONVERSATION,EXT. CAMINO HACIA EL NORTE - AMANECER 41,217 EXT. CAMINO HACIA EL NORTE - AMANECER
15723,SOREN,"*cough, cough*",15724,CONVERSATION,EXT. CAMINO HACIA EL NORTE - AMANECER 42,217 EXT. CAMINO HACIA EL NORTE - AMANECER
15724,SOREN,Yes... By an error margin of just a few millimeters.,15725,CONVERSATION,EXT. CAMINO HACIA EL NORTE - AMANECER 43,217 EXT. CAMINO HACIA EL NORTE - AMANECER
15725,LIRIA,Well... That might have been a bit reckless.,15726,CONVERSATION,EXT. CAMINO HACIA EL NORTE - AMANECER 44,217 EXT. CAMINO HACIA EL NORTE - AMANECER
15726,LIRIA,But I think we can take something valuable from all this.,15727,CONVERSATION,EXT. CAMINO HACIA EL NORTE - AMANECER 45,217 EXT. CAMINO HACIA EL NORTE - AMANECER
15727,LIRIA,"Sometimes, problems seem bigger from a distance than from the inside.",15728,CONVERSATION,EXT. CAMINO HACIA EL NORTE - AMANECER 46,217 EXT. CAMINO HACIA EL NORTE - AMANECER
15728,LIRIA,"Sometimes... the only possible solution, after a bit of preparation, is to take the step!",15729,CONVERSATION,EXT. CAMINO HACIA EL NORTE - AMANECER 47,217 EXT. CAMINO HACIA EL NORTE - AMANECER
15729,JUGADOR,Let's look for another route.,15730,CONVERSATION,EXT. CAMINO HACIA EL NORTE - AMANECER 48,217 EXT. CAMINO HACIA EL NORTE - AMANECER
15730,LIRIA,Mmm...,15731,CONVERSATION,EXT. CAMINO HACIA EL NORTE - AMANECER 49,217 EXT. CAMINO HACIA EL NORTE - AMANECER
15731,LIRIA,"Given the situation... That might be the simplest, yes.",15732,CONVERSATION,EXT. CAMINO HACIA EL NORTE - AMANECER 50,217 EXT. CAMINO HACIA EL NORTE - AMANECER
15732,LIRIA,"Alright, then...",15733,CONVERSATION,EXT. CAMINO HACIA EL NORTE - AMANECER 51,217 EXT. CAMINO HACIA EL NORTE - AMANECER
15733,LIRIA,Turn around!,15734,CONVERSATION,EXT. CAMINO HACIA EL NORTE - AMANECER 52,217 EXT. CAMINO HACIA EL NORTE - AMANECER
15734,LIRIA,Let's see if we can find another path.,,END,EXT. CAMINO HACIA EL NORTE - AMANECER 53,217 EXT. CAMINO HACIA EL NORTE - AMANECER
16817,LIRIA,Have you noticed how much water flows through Mindveil?,16819,CONVERSATION,EXT. RISCO DE LOS PENSAMIENTOS - MEDIO DÍA 1,218 EXT. RISCO DE LOS PENSAMIENTOS - MEDIO DÍA
16818,LIRIA,"@NAME, have you noticed how much water flows through Mindveil?",16819,CONVERSATION,EXT. RISCO DE LOS PENSAMIENTOS - MEDIO DÍA 2,218 EXT. RISCO DE LOS PENSAMIENTOS - MEDIO DÍA
16819,LIRIA,"In another time, water was the kingdom's main source of vitality.",16820,CONVERSATION,EXT. RISCO DE LOS PENSAMIENTOS - MEDIO DÍA 3,218 EXT. RISCO DE LOS PENSAMIENTOS - MEDIO DÍA
16820,LIRIA,Great hydraulic systems supplied energy to the cities and settlements.,16821,CONVERSATION,EXT. RISCO DE LOS PENSAMIENTOS - MEDIO DÍA 4,218 EXT. RISCO DE LOS PENSAMIENTOS - MEDIO DÍA
16821,LIRIA,People shared experiences along the banks of rivers and seas.,16822,CONVERSATION,EXT. RISCO DE LOS PENSAMIENTOS - MEDIO DÍA 5,218 EXT. RISCO DE LOS PENSAMIENTOS - MEDIO DÍA
16822,LIRIA,"Some traded, others chatted... Others fell in love.",16823,CONVERSATION,EXT. RISCO DE LOS PENSAMIENTOS - MEDIO DÍA 6,218 EXT. RISCO DE LOS PENSAMIENTOS - MEDIO DÍA
16823,LIRIA,Life found a way.,16824,CONVERSATION,EXT. RISCO DE LOS PENSAMIENTOS - MEDIO DÍA 7,218 EXT. RISCO DE LOS PENSAMIENTOS - MEDIO DÍA
16824,LIRIA,"However, the water is laden now...",16825,CONVERSATION,EXT. RISCO DE LOS PENSAMIENTOS - MEDIO DÍA 8,218 EXT. RISCO DE LOS PENSAMIENTOS - MEDIO DÍA
16825,LIRIA,So much so that it can act like a wall.,16826,CONVERSATION,EXT. RISCO DE LOS PENSAMIENTOS - MEDIO DÍA 9,218 EXT. RISCO DE LOS PENSAMIENTOS - MEDIO DÍA
16826,LIRIA,Dividing the communities it once brought together.,16827,CONVERSATION,EXT. RISCO DE LOS PENSAMIENTOS - MEDIO DÍA 10,218 EXT. RISCO DE LOS PENSAMIENTOS - MEDIO DÍA
16827,LIRIA,"A perfect barrier that can only be crossed with intention, focus, and courage.",16828,CONVERSATION,EXT. RISCO DE LOS PENSAMIENTOS - MEDIO DÍA 11,218 EXT. RISCO DE LOS PENSAMIENTOS - MEDIO DÍA
16828,LIRIA,And it overwhelms all those who try to overcome it.,16829,CONVERSATION,EXT. RISCO DE LOS PENSAMIENTOS - MEDIO DÍA 12,218 EXT. RISCO DE LOS PENSAMIENTOS - MEDIO DÍA
16829,LIRIA,Well... Almost everyone.,16830,CONVERSATION,EXT. RISCO DE LOS PENSAMIENTOS - MEDIO DÍA 13,218 EXT. RISCO DE LOS PENSAMIENTOS - MEDIO DÍA
16830,LIRIA,I'm very glad we can be the exception to that rule.,,END,EXT. RISCO DE LOS PENSAMIENTOS - MEDIO DÍA 14,218 EXT. RISCO DE LOS PENSAMIENTOS - MEDIO DÍA
16831,LIRIA,So... This is the Pass of Echoes.,16832,CONVERSATION,EXT. PASO DE LOS ECOS (ENTRADA) - MEDIO DÍA 1,29 EXT. PASO DE LOS ECOS (ENTRADA) - MEDIO DÍA
16832,LIRIA,I had never crossed it...,16833,CONVERSATION,EXT. PASO DE LOS ECOS (ENTRADA) - MEDIO DÍA 2,29 EXT. PASO DE LOS ECOS (ENTRADA) - MEDIO DÍA
16833,LIRIA,Though I've read a lot about it.,16834,CONVERSATION,EXT. PASO DE LOS ECOS (ENTRADA) - MEDIO DÍA 3,29 EXT. PASO DE LOS ECOS (ENTRADA) - MEDIO DÍA
16834,LIRIA,The kingdom's people used to come to this narrow pass to vent.,16835,CONVERSATION,EXT. PASO DE LOS ECOS (ENTRADA) - MEDIO DÍA 4,29 EXT. PASO DE LOS ECOS (ENTRADA) - MEDIO DÍA
16835,LIRIA,"They screamed, they cried. Alone or in company.",16836,CONVERSATION,EXT. PASO DE LOS ECOS (ENTRADA) - MEDIO DÍA 5,29 EXT. PASO DE LOS ECOS (ENTRADA) - MEDIO DÍA
16836,LIRIA,"They say that, since then, the Pass of Echoes keeps everything that was said—and that one would wish had not been said.",16837,CONVERSATION,EXT. PASO DE LOS ECOS (ENTRADA) - MEDIO DÍA 6,29 EXT. PASO DE LOS ECOS (ENTRADA) - MEDIO DÍA
16837,LIRIA,And that everyone who walks it hears clearly what they always wanted to forget.,16838,CONVERSATION,EXT. PASO DE LOS ECOS (ENTRADA) - MEDIO DÍA 7,29 EXT. PASO DE LOS ECOS (ENTRADA) - MEDIO DÍA
16838,SOREN,Tsk!,16839,CONVERSATION,EXT. PASO DE LOS ECOS (ENTRADA) - MEDIO DÍA 8,29 EXT. PASO DE LOS ECOS (ENTRADA) - MEDIO DÍA
16839,LIRIA,"Even if it's arid and lonely, the cognitive load is likely very high.",16840,CONVERSATION,EXT. PASO DE LOS ECOS (ENTRADA) - MEDIO DÍA 9,29 EXT. PASO DE LOS ECOS (ENTRADA) - MEDIO DÍA
16840,SOREN,I... I think I'm starting to feel it.,16841,CONVERSATION,EXT. PASO DE LOS ECOS (ENTRADA) - MEDIO DÍA 10,29 EXT. PASO DE LOS ECOS (ENTRADA) - MEDIO DÍA
16841,SOREN,I feel as if each of us were speaking on a different frequency...,16842,CONVERSATION,EXT. PASO DE LOS ECOS (ENTRADA) - MEDIO DÍA 11,29 EXT. PASO DE LOS ECOS (ENTRADA) - MEDIO DÍA
16842,SOREN,But the frequencies... They're chaotic. They don't follow a logical pattern of repetition.,16843,CONVERSATION,EXT. PASO DE LOS ECOS (ENTRADA) - MEDIO DÍA 12,29 EXT. PASO DE LOS ECOS (ENTRADA) - MEDIO DÍA
16843,SOREN,And sometimes... echoes from another signal slip in.,16844,CONVERSATION,EXT. PASO DE LOS ECOS (ENTRADA) - MEDIO DÍA 13,29 EXT. PASO DE LOS ECOS (ENTRADA) - MEDIO DÍA
16844,LIRIA,"We must stay together, and not split up under any circumstances.",16845,CONVERSATION,EXT. PASO DE LOS ECOS (ENTRADA) - MEDIO DÍA 14,29 EXT. PASO DE LOS ECOS (ENTRADA) - MEDIO DÍA
16845,LIRIA,If at any moment we get disoriented... just raise our voices.,16846,CONVERSATION,EXT. PASO DE LOS ECOS (ENTRADA) - MEDIO DÍA 15,29 EXT. PASO DE LOS ECOS (ENTRADA) - MEDIO DÍA
16846,LIRIA,Let's stand firm against the pass's echoes.,,END,EXT. PASO DE LOS ECOS (ENTRADA) - MEDIO DÍA 16,29 EXT. PASO DE LOS ECOS (ENTRADA) - MEDIO DÍA
17929,VOZ MISTERIOSA,Feel…,17930,CONVERSATION,EXT. PASO DE LOS ECOS (SENDERO) - MEDIO DÍA 1,219 EXT. PASO DE LOS ECOS (SENDERO) - MEDIO DÍA
17930,LIRIA,Don't listen to the voices!,17931,CONVERSATION,EXT. PASO DE LOS ECOS (SENDERO) - MEDIO DÍA 2,219 EXT. PASO DE LOS ECOS (SENDERO) - MEDIO DÍA
17931,LIRIA,"@NAME, don't listen to the voices!",17932,CONVERSATION,EXT. PASO DE LOS ECOS (SENDERO) - MEDIO DÍA 3,219 EXT. PASO DE LOS ECOS (SENDERO) - MEDIO DÍA
17932,LIRIA,Don't pay them any mind! Follow my voice!,17933,CONVERSATION,EXT. PASO DE LOS ECOS (SENDERO) - MEDIO DÍA 4,219 EXT. PASO DE LOS ECOS (SENDERO) - MEDIO DÍA
17933,LIRIA,Don't pay them any mind! Follow my voice!,17934,CONVERSATION,EXT. PASO DE LOS ECOS (SENDERO) - MEDIO DÍA 5,219 EXT. PASO DE LOS ECOS (SENDERO) - MEDIO DÍA
17934,VOZ MISTERIOSA,Feel the silence and the noise.,17935,CONVERSATION,EXT. PASO DE LOS ECOS (SENDERO) - MEDIO DÍA 6,219 EXT. PASO DE LOS ECOS (SENDERO) - MEDIO DÍA
17935,¿LIRIA?,"Feel what you are, and what you pretend to be.",17936,CONVERSATION,EXT. PASO DE LOS ECOS (SENDERO) - MEDIO DÍA 7,219 EXT. PASO DE LOS ECOS (SENDERO) - MEDIO DÍA
17936,¿LIRIA?,Think of all the things that stand between those images,17937,CONVERSATION,EXT. PASO DE LOS ECOS (SENDERO) - MEDIO DÍA 8,219 EXT. PASO DE LOS ECOS (SENDERO) - MEDIO DÍA
17937,LIRIA,Don't listen! Keep going!,17938,CONVERSATION,EXT. PASO DE LOS ECOS (SENDERO) - MEDIO DÍA 9,219 EXT. PASO DE LOS ECOS (SENDERO) - MEDIO DÍA
17938,LIRIA,Don't listen! Keep going!,17939,CONVERSATION,EXT. PASO DE LOS ECOS (SENDERO) - MEDIO DÍA 10,219 EXT. PASO DE LOS ECOS (SENDERO) - MEDIO DÍA
17939,¿LIRIA?,That's it… Follow me!,17940,CONVERSATION,EXT. PASO DE LOS ECOS (SENDERO) - MEDIO DÍA 11,219 EXT. PASO DE LOS ECOS (SENDERO) - MEDIO DÍA
17940,¿LIRIA?,Understood?,17941,CONVERSATION,EXT. PASO DE LOS ECOS (SENDERO) - MEDIO DÍA 12,219 EXT. PASO DE LOS ECOS (SENDERO) - MEDIO DÍA
17941,JUGADOR,"Yes, I'm following you!",17942,CONVERSATION,EXT. PASO DE LOS ECOS (SENDERO) - MEDIO DÍA 13,219 EXT. PASO DE LOS ECOS (SENDERO) - MEDIO DÍA
17942,¿LIRIA?,Good!,17943,CONVERSATION,EXT. PASO DE LOS ECOS (SENDERO) - MEDIO DÍA 14,219 EXT. PASO DE LOS ECOS (SENDERO) - MEDIO DÍA
17943,¿LIRIA?,That's it! That's what you have to do!,17944,CONVERSATION,EXT. PASO DE LOS ECOS (SENDERO) - MEDIO DÍA 15,219 EXT. PASO DE LOS ECOS (SENDERO) - MEDIO DÍA
17944,¿LIRIA?,Focus on my voice…,17945,CONVERSATION,EXT. PASO DE LOS ECOS (SENDERO) - MEDIO DÍA 16,219 EXT. PASO DE LOS ECOS (SENDERO) - MEDIO DÍA
17945,¿LIRIA?,You don't need to listen to anything else!,17946,CONVERSATION,EXT. PASO DE LOS ECOS (SENDERO) - MEDIO DÍA 17,219 EXT. PASO DE LOS ECOS (SENDERO) - MEDIO DÍA
17946,JUGADOR,Continue on the original path,17947,CONVERSATION,EXT. PASO DE LOS ECOS (SENDERO) - MEDIO DÍA 18,219 EXT. PASO DE LOS ECOS (SENDERO) - MEDIO DÍA
17947,¿LIRIA?,@NAME!,17948,CONVERSATION,EXT. PASO DE LOS ECOS (SENDERO) - MEDIO DÍA 19,219 EXT. PASO DE LOS ECOS (SENDERO) - MEDIO DÍA
17948,¿LIRIA?,Why won't you listen to me?,17949,CONVERSATION,EXT. PASO DE LOS ECOS (SENDERO) - MEDIO DÍA 20,219 EXT. PASO DE LOS ECOS (SENDERO) - MEDIO DÍA
17949,LIRIA,"If you keep going that way, you won't be able to hear me.",17950,CONVERSATION,EXT. PASO DE LOS ECOS (SENDERO) - MEDIO DÍA 21,219 EXT. PASO DE LOS ECOS (SENDERO) - MEDIO DÍA
17950,¿LIRIA?,Pay attention to me… Follow my voice.,17951,CONVERSATION,EXT. PASO DE LOS ECOS (SENDERO) - MEDIO DÍA 22,219 EXT. PASO DE LOS ECOS (SENDERO) - MEDIO DÍA
17951,¿LIRIA?,All right?,17952,CONVERSATION,EXT. PASO DE LOS ECOS (SENDERO) - MEDIO DÍA 23,219 EXT. PASO DE LOS ECOS (SENDERO) - MEDIO DÍA
17952,JUGADOR,"All right, I'm following you!",17953,CONVERSATION,EXT. PASO DE LOS ECOS (SENDERO) - MEDIO DÍA 24,219 EXT. PASO DE LOS ECOS (SENDERO) - MEDIO DÍA
17953,¿LIRIA?,Good!,17954,CONVERSATION,EXT. PASO DE LOS ECOS (SENDERO) - MEDIO DÍA 25,219 EXT. PASO DE LOS ECOS (SENDERO) - MEDIO DÍA
17954,¿LIRIA?,That's it! That's what you have to do!,17955,CONVERSATION,EXT. PASO DE LOS ECOS (SENDERO) - MEDIO DÍA 26,219 EXT. PASO DE LOS ECOS (SENDERO) - MEDIO DÍA
17955,¿LIRIA?,Focus on my voice…,17956,CONVERSATION,EXT. PASO DE LOS ECOS (SENDERO) - MEDIO DÍA 27,219 EXT. PASO DE LOS ECOS (SENDERO) - MEDIO DÍA
17956,¿LIRIA?,You don't need to listen to anything else!,17957,CONVERSATION,EXT. PASO DE LOS ECOS (SENDERO) - MEDIO DÍA 28,219 EXT. PASO DE LOS ECOS (SENDERO) - MEDIO DÍA
17957,JUGADOR,Continue on the original path,17958,CONVERSATION,EXT. PASO DE LOS ECOS (SENDERO) - MEDIO DÍA 29,219 EXT. PASO DE LOS ECOS (SENDERO) - MEDIO DÍA
17958,¿LIRIA?,Agh!,17959,CONVERSATION,EXT. PASO DE LOS ECOS (SENDERO) - MEDIO DÍA 30,219 EXT. PASO DE LOS ECOS (SENDERO) - MEDIO DÍA
17959,LIRIA,Hello? Are you there?,17960,CONVERSATION,EXT. PASO DE LOS ECOS (SENDERO) - MEDIO DÍA 31,219 EXT. PASO DE LOS ECOS (SENDERO) - MEDIO DÍA
17960,LIRIA,@NAME! Are you there?,17961,CONVERSATION,EXT. PASO DE LOS ECOS (SENDERO) - MEDIO DÍA 32,219 EXT. PASO DE LOS ECOS (SENDERO) - MEDIO DÍA
17961,LIRIA,"Oh, what a relief!",17962,CONVERSATION,EXT. PASO DE LOS ECOS (SENDERO) - MEDIO DÍA 33,219 EXT. PASO DE LOS ECOS (SENDERO) - MEDIO DÍA
17962,LIRIA,For a moment I thought one of us would succumb to the echoes.,17963,CONVERSATION,EXT. PASO DE LOS ECOS (SENDERO) - MEDIO DÍA 34,219 EXT. PASO DE LOS ECOS (SENDERO) - MEDIO DÍA
17963,LIRIA,I'm so glad we made it through the Pass unscathed!,17964,CONVERSATION,EXT. PASO DE LOS ECOS (SENDERO) - MEDIO DÍA 35,219 EXT. PASO DE LOS ECOS (SENDERO) - MEDIO DÍA
17964,LIRIA,Did the voices try to lead you astray?,17965,CONVERSATION,EXT. PASO DE LOS ECOS (SENDERO) - MEDIO DÍA 36,219 EXT. PASO DE LOS ECOS (SENDERO) - MEDIO DÍA
17965,SOREN,I… I heard my master.,17966,CONVERSATION,EXT. PASO DE LOS ECOS (SENDERO) - MEDIO DÍA 37,219 EXT. PASO DE LOS ECOS (SENDERO) - MEDIO DÍA
17966,SOREN,"He wasn't shouting, but he sounded… disappointed.",17967,CONVERSATION,EXT. PASO DE LOS ECOS (SENDERO) - MEDIO DÍA 38,219 EXT. PASO DE LOS ECOS (SENDERO) - MEDIO DÍA
17967,SOREN,He said my soul was too noisy.,17968,CONVERSATION,EXT. PASO DE LOS ECOS (SENDERO) - MEDIO DÍA 39,219 EXT. PASO DE LOS ECOS (SENDERO) - MEDIO DÍA
17968,SOREN,That it wasn't worthy of the gift I was given.,17969,CONVERSATION,EXT. PASO DE LOS ECOS (SENDERO) - MEDIO DÍA 40,219 EXT. PASO DE LOS ECOS (SENDERO) - MEDIO DÍA
17969,SOREN,"Luckily… the ravine's current guided me to its end, and to escape.",17970,CONVERSATION,EXT. PASO DE LOS ECOS (SENDERO) - MEDIO DÍA 41,219 EXT. PASO DE LOS ECOS (SENDERO) - MEDIO DÍA
17970,SOREN,The winds never lie.,17971,CONVERSATION,EXT. PASO DE LOS ECOS (SENDERO) - MEDIO DÍA 42,219 EXT. PASO DE LOS ECOS (SENDERO) - MEDIO DÍA
17971,LIRIA,Seems there's no challenge we can't overcome…,17972,CONVERSATION,EXT. PASO DE LOS ECOS (SENDERO) - MEDIO DÍA 43,219 EXT. PASO DE LOS ECOS (SENDERO) - MEDIO DÍA
17972,LIRIA,No doubt we make a good team!,,END,EXT. PASO DE LOS ECOS (SENDERO) - MEDIO DÍA 44,219 EXT. PASO DE LOS ECOS (SENDERO) - MEDIO DÍA
19055,SOREN,"Liria, @NAME...",19056,CONVERSATION,EXT. DESVÍO HACIA EL CAMPO DE ENTRENAMIENTO - MEDIO DÍA 1,220 EXT. DESVÍO HACIA EL CAMPO DE ENTRENAMIENTO - MEDIO DÍA
19056,SOREN,Can we stop for a moment?,19057,CONVERSATION,EXT. DESVÍO HACIA EL CAMPO DE ENTRENAMIENTO - MEDIO DÍA 2,220 EXT. DESVÍO HACIA EL CAMPO DE ENTRENAMIENTO - MEDIO DÍA
19057,SOREN,I'd like to ask you something...,19058,CONVERSATION,EXT. DESVÍO HACIA EL CAMPO DE ENTRENAMIENTO - MEDIO DÍA 3,220 EXT. DESVÍO HACIA EL CAMPO DE ENTRENAMIENTO - MEDIO DÍA
19058,LIRIA,"Uh... Sure, Soren.",19059,CONVERSATION,EXT. DESVÍO HACIA EL CAMPO DE ENTRENAMIENTO - MEDIO DÍA 4,220 EXT. DESVÍO HACIA EL CAMPO DE ENTRENAMIENTO - MEDIO DÍA
19059,LIRIA,What's wrong?,19060,CONVERSATION,EXT. DESVÍO HACIA EL CAMPO DE ENTRENAMIENTO - MEDIO DÍA 5,220 EXT. DESVÍO HACIA EL CAMPO DE ENTRENAMIENTO - MEDIO DÍA
19060,SOREN,Look... I know time is precious right now.,19061,CONVERSATION,EXT. DESVÍO HACIA EL CAMPO DE ENTRENAMIENTO - MEDIO DÍA 6,220 EXT. DESVÍO HACIA EL CAMPO DE ENTRENAMIENTO - MEDIO DÍA
19061,SOREN,"I know the sooner we reach Parpadeo's lair, the less able he'll be to strike back.",19062,CONVERSATION,EXT. DESVÍO HACIA EL CAMPO DE ENTRENAMIENTO - MEDIO DÍA 7,220 EXT. DESVÍO HACIA EL CAMPO DE ENTRENAMIENTO - MEDIO DÍA
19062,SOREN,But... I think I need us to take a detour...,19063,CONVERSATION,EXT. DESVÍO HACIA EL CAMPO DE ENTRENAMIENTO - MEDIO DÍA 8,220 EXT. DESVÍO HACIA EL CAMPO DE ENTRENAMIENTO - MEDIO DÍA
19063,SOREN,...For at least a couple of days.,19064,CONVERSATION,EXT. DESVÍO HACIA EL CAMPO DE ENTRENAMIENTO - MEDIO DÍA 9,220 EXT. DESVÍO HACIA EL CAMPO DE ENTRENAMIENTO - MEDIO DÍA
19064,SOREN,"I, at least... I feel like I have to do it.",19065,CONVERSATION,EXT. DESVÍO HACIA EL CAMPO DE ENTRENAMIENTO - MEDIO DÍA 10,220 EXT. DESVÍO HACIA EL CAMPO DE ENTRENAMIENTO - MEDIO DÍA
19065,SOREN,"Although, honestly...",19066,CONVERSATION,EXT. DESVÍO HACIA EL CAMPO DE ENTRENAMIENTO - MEDIO DÍA 11,220 EXT. DESVÍO HACIA EL CAMPO DE ENTRENAMIENTO - MEDIO DÍA
19066,SOREN,It's too dangerous to do alone.,19067,CONVERSATION,EXT. DESVÍO HACIA EL CAMPO DE ENTRENAMIENTO - MEDIO DÍA 12,220 EXT. DESVÍO HACIA EL CAMPO DE ENTRENAMIENTO - MEDIO DÍA
19067,LIRIA,"But... why? What do you need, Soren?",19068,CONVERSATION,EXT. DESVÍO HACIA EL CAMPO DE ENTRENAMIENTO - MEDIO DÍA 13,220 EXT. DESVÍO HACIA EL CAMPO DE ENTRENAMIENTO - MEDIO DÍA
19068,SOREN,Right now...,19069,CONVERSATION,EXT. DESVÍO HACIA EL CAMPO DE ENTRENAMIENTO - MEDIO DÍA 14,220 EXT. DESVÍO HACIA EL CAMPO DE ENTRENAMIENTO - MEDIO DÍA
19069,SOREN,"I'm sorry, but I can't tell you.",19070,CONVERSATION,EXT. DESVÍO HACIA EL CAMPO DE ENTRENAMIENTO - MEDIO DÍA 15,220 EXT. DESVÍO HACIA EL CAMPO DE ENTRENAMIENTO - MEDIO DÍA
19070,SOREN,No... I can't.,19071,CONVERSATION,EXT. DESVÍO HACIA EL CAMPO DE ENTRENAMIENTO - MEDIO DÍA 16,220 EXT. DESVÍO HACIA EL CAMPO DE ENTRENAMIENTO - MEDIO DÍA
19071,LIRIA,Um...,19072,CONVERSATION,EXT. DESVÍO HACIA EL CAMPO DE ENTRENAMIENTO - MEDIO DÍA 17,220 EXT. DESVÍO HACIA EL CAMPO DE ENTRENAMIENTO - MEDIO DÍA
19072,LIRIA,I understand you're going through a complicated time...,19073,CONVERSATION,EXT. DESVÍO HACIA EL CAMPO DE ENTRENAMIENTO - MEDIO DÍA 18,220 EXT. DESVÍO HACIA EL CAMPO DE ENTRENAMIENTO - MEDIO DÍA
19073,LIRIA,"And I don't doubt your words, Soren, but...",19074,CONVERSATION,EXT. DESVÍO HACIA EL CAMPO DE ENTRENAMIENTO - MEDIO DÍA 19,220 EXT. DESVÍO HACIA EL CAMPO DE ENTRENAMIENTO - MEDIO DÍA
19074,LIRIA,We're very close to Parpadeo's lair.,19075,CONVERSATION,EXT. DESVÍO HACIA EL CAMPO DE ENTRENAMIENTO - MEDIO DÍA 20,220 EXT. DESVÍO HACIA EL CAMPO DE ENTRENAMIENTO - MEDIO DÍA
19075,LIRIA,I can feel it.,19076,CONVERSATION,EXT. DESVÍO HACIA EL CAMPO DE ENTRENAMIENTO - MEDIO DÍA 21,220 EXT. DESVÍO HACIA EL CAMPO DE ENTRENAMIENTO - MEDIO DÍA
19076,LIRIA,And if we hurry a bit...,19077,CONVERSATION,EXT. DESVÍO HACIA EL CAMPO DE ENTRENAMIENTO - MEDIO DÍA 22,220 EXT. DESVÍO HACIA EL CAMPO DE ENTRENAMIENTO - MEDIO DÍA
19077,LIRIA,Maybe he still hasn't recovered all his strength.,19078,CONVERSATION,EXT. DESVÍO HACIA EL CAMPO DE ENTRENAMIENTO - MEDIO DÍA 23,220 EXT. DESVÍO HACIA EL CAMPO DE ENTRENAMIENTO - MEDIO DÍA
19078,LIRIA,I think we're in time to catch him off guard.,19079,CONVERSATION,EXT. DESVÍO HACIA EL CAMPO DE ENTRENAMIENTO - MEDIO DÍA 24,220 EXT. DESVÍO HACIA EL CAMPO DE ENTRENAMIENTO - MEDIO DÍA
19079,LIRIA,We could gain a real advantage from this situation!,19080,CONVERSATION,EXT. DESVÍO HACIA EL CAMPO DE ENTRENAMIENTO - MEDIO DÍA 25,220 EXT. DESVÍO HACIA EL CAMPO DE ENTRENAMIENTO - MEDIO DÍA
19080,LIRIA,...,19081,CONVERSATION,EXT. DESVÍO HACIA EL CAMPO DE ENTRENAMIENTO - MEDIO DÍA 26,220 EXT. DESVÍO HACIA EL CAMPO DE ENTRENAMIENTO - MEDIO DÍA
19081,LIRIA,Agh!,19082,CONVERSATION,EXT. DESVÍO HACIA EL CAMPO DE ENTRENAMIENTO - MEDIO DÍA 27,220 EXT. DESVÍO HACIA EL CAMPO DE ENTRENAMIENTO - MEDIO DÍA
19082,LIRIA,So hard!,19083,CONVERSATION,EXT. DESVÍO HACIA EL CAMPO DE ENTRENAMIENTO - MEDIO DÍA 28,220 EXT. DESVÍO HACIA EL CAMPO DE ENTRENAMIENTO - MEDIO DÍA
19083,LIRIA,"What should we do, @NAME?",19084,CONVERSATION,EXT. DESVÍO HACIA EL CAMPO DE ENTRENAMIENTO - MEDIO DÍA 29,220 EXT. DESVÍO HACIA EL CAMPO DE ENTRENAMIENTO - MEDIO DÍA
19084,JUGADOR,I'm with Liria. Let's take advantage of our edge.,19085,CONVERSATION,EXT. DESVÍO HACIA EL CAMPO DE ENTRENAMIENTO - MEDIO DÍA 30,220 EXT. DESVÍO HACIA EL CAMPO DE ENTRENAMIENTO - MEDIO DÍA
19085,SOREN,Oh...,19086,CONVERSATION,EXT. DESVÍO HACIA EL CAMPO DE ENTRENAMIENTO - MEDIO DÍA 31,220 EXT. DESVÍO HACIA EL CAMPO DE ENTRENAMIENTO - MEDIO DÍA
19086,SOREN,Hmf...,19087,CONVERSATION,EXT. DESVÍO HACIA EL CAMPO DE ENTRENAMIENTO - MEDIO DÍA 32,220 EXT. DESVÍO HACIA EL CAMPO DE ENTRENAMIENTO - MEDIO DÍA
19087,SOREN,It's... it's fine...,19088,CONVERSATION,EXT. DESVÍO HACIA EL CAMPO DE ENTRENAMIENTO - MEDIO DÍA 33,220 EXT. DESVÍO HACIA EL CAMPO DE ENTRENAMIENTO - MEDIO DÍA
19088,LIRIA,Ouch...,19089,CONVERSATION,EXT. DESVÍO HACIA EL CAMPO DE ENTRENAMIENTO - MEDIO DÍA 34,220 EXT. DESVÍO HACIA EL CAMPO DE ENTRENAMIENTO - MEDIO DÍA
19089,LIRIA,Now... I feel bad for Soren.,19090,CONVERSATION,EXT. DESVÍO HACIA EL CAMPO DE ENTRENAMIENTO - MEDIO DÍA 35,220 EXT. DESVÍO HACIA EL CAMPO DE ENTRENAMIENTO - MEDIO DÍA
19090,LIRIA,"But, in a way, I'm glad we're aligned on this.",19091,CONVERSATION,EXT. DESVÍO HACIA EL CAMPO DE ENTRENAMIENTO - MEDIO DÍA 36,220 EXT. DESVÍO HACIA EL CAMPO DE ENTRENAMIENTO - MEDIO DÍA
19091,LIRIA,"I don't doubt Soren has strong reasons for wanting to detour, but...",19092,CONVERSATION,EXT. DESVÍO HACIA EL CAMPO DE ENTRENAMIENTO - MEDIO DÍA 37,220 EXT. DESVÍO HACIA EL CAMPO DE ENTRENAMIENTO - MEDIO DÍA
19092,LIRIA,We're still in a race against time.,19093,CONVERSATION,EXT. DESVÍO HACIA EL CAMPO DE ENTRENAMIENTO - MEDIO DÍA 38,220 EXT. DESVÍO HACIA EL CAMPO DE ENTRENAMIENTO - MEDIO DÍA
19093,LIRIA,"And at this point, nobody knows what taking even a day or less could mean...",19094,CONVERSATION,EXT. DESVÍO HACIA EL CAMPO DE ENTRENAMIENTO - MEDIO DÍA 39,220 EXT. DESVÍO HACIA EL CAMPO DE ENTRENAMIENTO - MEDIO DÍA
19094,LIRIA,It could mean the difference between life and death.,19095,CONVERSATION,EXT. DESVÍO HACIA EL CAMPO DE ENTRENAMIENTO - MEDIO DÍA 40,220 EXT. DESVÍO HACIA EL CAMPO DE ENTRENAMIENTO - MEDIO DÍA
19095,LIRIA,"I think we're doing the right thing, @NAME.",19096,CONVERSATION,EXT. DESVÍO HACIA EL CAMPO DE ENTRENAMIENTO - MEDIO DÍA 41,220 EXT. DESVÍO HACIA EL CAMPO DE ENTRENAMIENTO - MEDIO DÍA
19096,LIRIA,We'll come back to the fork once we've dealt with Parpadeo.,19097,CONVERSATION,EXT. DESVÍO HACIA EL CAMPO DE ENTRENAMIENTO - MEDIO DÍA 42,220 EXT. DESVÍO HACIA EL CAMPO DE ENTRENAMIENTO - MEDIO DÍA
19097,LIRIA,Let's hope Soren can understand.,,END,EXT. DESVÍO HACIA EL CAMPO DE ENTRENAMIENTO - MEDIO DÍA 43,220 EXT. DESVÍO HACIA EL CAMPO DE ENTRENAMIENTO - MEDIO DÍA
19098,JUGADOR,I trust Soren. Let's take the detour together.,19099,CONVERSATION,EXT. DESVÍO HACIA EL CAMPO DE ENTRENAMIENTO - MEDIO DÍA 44,220 EXT. DESVÍO HACIA EL CAMPO DE ENTRENAMIENTO - MEDIO DÍA
19099,SOREN,"Oh... Thank you very much, @NAME.",19100,CONVERSATION,EXT. DESVÍO HACIA EL CAMPO DE ENTRENAMIENTO - MEDIO DÍA 45,220 EXT. DESVÍO HACIA EL CAMPO DE ENTRENAMIENTO - MEDIO DÍA
19100,SOREN,This gesture...,19101,CONVERSATION,EXT. DESVÍO HACIA EL CAMPO DE ENTRENAMIENTO - MEDIO DÍA 46,220 EXT. DESVÍO HACIA EL CAMPO DE ENTRENAMIENTO - MEDIO DÍA
19101,SOREN,It really means a lot to me.,19102,CONVERSATION,EXT. DESVÍO HACIA EL CAMPO DE ENTRENAMIENTO - MEDIO DÍA 47,220 EXT. DESVÍO HACIA EL CAMPO DE ENTRENAMIENTO - MEDIO DÍA
19102,SOREN,"The detour will be a bit long, and...",19103,CONVERSATION,EXT. DESVÍO HACIA EL CAMPO DE ENTRENAMIENTO - MEDIO DÍA 48,220 EXT. DESVÍO HACIA EL CAMPO DE ENTRENAMIENTO - MEDIO DÍA
19103,SOREN,We might have to face some spawn along the way.,19104,CONVERSATION,EXT. DESVÍO HACIA EL CAMPO DE ENTRENAMIENTO - MEDIO DÍA 49,220 EXT. DESVÍO HACIA EL CAMPO DE ENTRENAMIENTO - MEDIO DÍA
19104,SOREN,But... I assure you it will be worth it.,19105,CONVERSATION,EXT. DESVÍO HACIA EL CAMPO DE ENTRENAMIENTO - MEDIO DÍA 50,220 EXT. DESVÍO HACIA EL CAMPO DE ENTRENAMIENTO - MEDIO DÍA
19105,SOREN,You'll see it with your own eyes.,19106,CONVERSATION,EXT. DESVÍO HACIA EL CAMPO DE ENTRENAMIENTO - MEDIO DÍA 51,220 EXT. DESVÍO HACIA EL CAMPO DE ENTRENAMIENTO - MEDIO DÍA
19106,LIRIA,Um...,19107,CONVERSATION,EXT. DESVÍO HACIA EL CAMPO DE ENTRENAMIENTO - MEDIO DÍA 52,220 EXT. DESVÍO HACIA EL CAMPO DE ENTRENAMIENTO - MEDIO DÍA
19107,LIRIA,"I find it hard to believe this is the best decision for the team, right now.",19108,CONVERSATION,EXT. DESVÍO HACIA EL CAMPO DE ENTRENAMIENTO - MEDIO DÍA 53,220 EXT. DESVÍO HACIA EL CAMPO DE ENTRENAMIENTO - MEDIO DÍA
19108,LIRIA,After all... We might be letting a golden opportunity slip by.,19109,CONVERSATION,EXT. DESVÍO HACIA EL CAMPO DE ENTRENAMIENTO - MEDIO DÍA 54,220 EXT. DESVÍO HACIA EL CAMPO DE ENTRENAMIENTO - MEDIO DÍA
19109,LIRIA,We might not get another chance to attack Parpadeo in such a weak state.,19110,CONVERSATION,EXT. DESVÍO HACIA EL CAMPO DE ENTRENAMIENTO - MEDIO DÍA 55,220 EXT. DESVÍO HACIA EL CAMPO DE ENTRENAMIENTO - MEDIO DÍA
19110,LIRIA,But... Soren seems very convinced about what he's saying.,19111,CONVERSATION,EXT. DESVÍO HACIA EL CAMPO DE ENTRENAMIENTO - MEDIO DÍA 56,220 EXT. DESVÍO HACIA EL CAMPO DE ENTRENAMIENTO - MEDIO DÍA
19111,LIRIA,I think I'll give him a vote of confidence too.,,END,EXT. DESVÍO HACIA EL CAMPO DE ENTRENAMIENTO - MEDIO DÍA 57,220 EXT. DESVÍO HACIA EL CAMPO DE ENTRENAMIENTO - MEDIO DÍA
19112,JUGADOR,"Go alone, Soren. The Divinity will bring us together again.",19113,CONVERSATION,EXT. DESVÍO HACIA EL CAMPO DE ENTRENAMIENTO - MEDIO DÍA 58,220 EXT. DESVÍO HACIA EL CAMPO DE ENTRENAMIENTO - MEDIO DÍA
19113,LIRIA,What?,19114,CONVERSATION,EXT. DESVÍO HACIA EL CAMPO DE ENTRENAMIENTO - MEDIO DÍA 59,220 EXT. DESVÍO HACIA EL CAMPO DE ENTRENAMIENTO - MEDIO DÍA
19114,SOREN,Oh...,19115,CONVERSATION,EXT. DESVÍO HACIA EL CAMPO DE ENTRENAMIENTO - MEDIO DÍA 60,220 EXT. DESVÍO HACIA EL CAMPO DE ENTRENAMIENTO - MEDIO DÍA
19115,SOREN,Hmf...,19116,CONVERSATION,EXT. DESVÍO HACIA EL CAMPO DE ENTRENAMIENTO - MEDIO DÍA 61,220 EXT. DESVÍO HACIA EL CAMPO DE ENTRENAMIENTO - MEDIO DÍA
19116,SOREN,It's... it's fine...,19117,CONVERSATION,EXT. DESVÍO HACIA EL CAMPO DE ENTRENAMIENTO - MEDIO DÍA 62,220 EXT. DESVÍO HACIA EL CAMPO DE ENTRENAMIENTO - MEDIO DÍA
19117,SOREN,It'll be a dangerous road...,19118,CONVERSATION,EXT. DESVÍO HACIA EL CAMPO DE ENTRENAMIENTO - MEDIO DÍA 63,220 EXT. DESVÍO HACIA EL CAMPO DE ENTRENAMIENTO - MEDIO DÍA
19118,SOREN,But I suppose at the end of the day it's the fairest for everyone.,19119,CONVERSATION,EXT. DESVÍO HACIA EL CAMPO DE ENTRENAMIENTO - MEDIO DÍA 64,220 EXT. DESVÍO HACIA EL CAMPO DE ENTRENAMIENTO - MEDIO DÍA
19119,SOREN,I don't want to slow your pilgrimage...,19120,CONVERSATION,EXT. DESVÍO HACIA EL CAMPO DE ENTRENAMIENTO - MEDIO DÍA 65,220 EXT. DESVÍO HACIA EL CAMPO DE ENTRENAMIENTO - MEDIO DÍA
19120,SOREN,But I can't force you to come with me either.,19121,CONVERSATION,EXT. DESVÍO HACIA EL CAMPO DE ENTRENAMIENTO - MEDIO DÍA 66,220 EXT. DESVÍO HACIA EL CAMPO DE ENTRENAMIENTO - MEDIO DÍA
19121,SOREN,So if that's what you want... It's fine.,19122,CONVERSATION,EXT. DESVÍO HACIA EL CAMPO DE ENTRENAMIENTO - MEDIO DÍA 67,220 EXT. DESVÍO HACIA EL CAMPO DE ENTRENAMIENTO - MEDIO DÍA
19122,LIRIA,"Why do you say that, @NAME?",19123,CONVERSATION,EXT. DESVÍO HACIA EL CAMPO DE ENTRENAMIENTO - MEDIO DÍA 68,220 EXT. DESVÍO HACIA EL CAMPO DE ENTRENAMIENTO - MEDIO DÍA
19123,LIRIA,Losing Soren right now...,19124,CONVERSATION,EXT. DESVÍO HACIA EL CAMPO DE ENTRENAMIENTO - MEDIO DÍA 69,220 EXT. DESVÍO HACIA EL CAMPO DE ENTRENAMIENTO - MEDIO DÍA
19124,LIRIA,I really doubt we can afford it.,19125,CONVERSATION,EXT. DESVÍO HACIA EL CAMPO DE ENTRENAMIENTO - MEDIO DÍA 70,220 EXT. DESVÍO HACIA EL CAMPO DE ENTRENAMIENTO - MEDIO DÍA
19125,LIRIA,And nothing assures us he'll reach his goal safe and sound.,19126,CONVERSATION,EXT. DESVÍO HACIA EL CAMPO DE ENTRENAMIENTO - MEDIO DÍA 71,220 EXT. DESVÍO HACIA EL CAMPO DE ENTRENAMIENTO - MEDIO DÍA
19126,LIRIA,Are you sure you want us to say goodbye to him?,19127,CONVERSATION,EXT. DESVÍO HACIA EL CAMPO DE ENTRENAMIENTO - MEDIO DÍA 72,220 EXT. DESVÍO HACIA EL CAMPO DE ENTRENAMIENTO - MEDIO DÍA
19127,JUGADOR,"Yes, I think it's best for everyone.",19128,CONVERSATION,EXT. DESVÍO HACIA EL CAMPO DE ENTRENAMIENTO - MEDIO DÍA 73,220 EXT. DESVÍO HACIA EL CAMPO DE ENTRENAMIENTO - MEDIO DÍA
19128,LIRIA,All right... I respect your decision.,19129,CONVERSATION,EXT. DESVÍO HACIA EL CAMPO DE ENTRENAMIENTO - MEDIO DÍA 74,220 EXT. DESVÍO HACIA EL CAMPO DE ENTRENAMIENTO - MEDIO DÍA
19129,LIRIA,Soren... I share my protection with you.,19130,CONVERSATION,EXT. DESVÍO HACIA EL CAMPO DE ENTRENAMIENTO - MEDIO DÍA 75,220 EXT. DESVÍO HACIA EL CAMPO DE ENTRENAMIENTO - MEDIO DÍA
19130,LIRIA,I hope you find what you're looking for soon.,19131,CONVERSATION,EXT. DESVÍO HACIA EL CAMPO DE ENTRENAMIENTO - MEDIO DÍA 76,220 EXT. DESVÍO HACIA EL CAMPO DE ENTRENAMIENTO - MEDIO DÍA
19131,SOREN,"Thank you, Liria. And thank you, @NAME.",19132,CONVERSATION,EXT. DESVÍO HACIA EL CAMPO DE ENTRENAMIENTO - MEDIO DÍA 77,220 EXT. DESVÍO HACIA EL CAMPO DE ENTRENAMIENTO - MEDIO DÍA
19132,SOREN,"Our time together has been brief, but of great value to me.",19133,CONVERSATION,EXT. DESVÍO HACIA EL CAMPO DE ENTRENAMIENTO - MEDIO DÍA 78,220 EXT. DESVÍO HACIA EL CAMPO DE ENTRENAMIENTO - MEDIO DÍA
19133,SOREN,I hope our paths cross again very soon.,19134,CONVERSATION,EXT. DESVÍO HACIA EL CAMPO DE ENTRENAMIENTO - MEDIO DÍA 79,220 EXT. DESVÍO HACIA EL CAMPO DE ENTRENAMIENTO - MEDIO DÍA
19134,LIRIA,"See you later, Soren.",19135,CONVERSATION,EXT. DESVÍO HACIA EL CAMPO DE ENTRENAMIENTO - MEDIO DÍA 80,220 EXT. DESVÍO HACIA EL CAMPO DE ENTRENAMIENTO - MEDIO DÍA
19135,LIRIA,May the Divinity be with you.,,END,EXT. DESVÍO HACIA EL CAMPO DE ENTRENAMIENTO - MEDIO DÍA 81,220 EXT. DESVÍO HACIA EL CAMPO DE ENTRENAMIENTO - MEDIO DÍA
19136,JUGADOR,Wait... I need to think it over.,,END,EXT. DESVÍO HACIA EL CAMPO DE ENTRENAMIENTO - MEDIO DÍA 82,220 EXT. DESVÍO HACIA EL CAMPO DE ENTRENAMIENTO - MEDIO DÍA
19137,LIRIA,"Hey, @NAME.",19138,CONVERSATION,EXT. DESVÍO HACIA EL CAMPO DE ENTRENAMIENTO - MEDIO DÍA 83,220 EXT. DESVÍO HACIA EL CAMPO DE ENTRENAMIENTO - MEDIO DÍA
19138,LIRIA,Do you feel that warmth in your body?,19139,CONVERSATION,EXT. DESVÍO HACIA EL CAMPO DE ENTRENAMIENTO - MEDIO DÍA 84,220 EXT. DESVÍO HACIA EL CAMPO DE ENTRENAMIENTO - MEDIO DÍA
19139,LIRIA,Looks like we're finally getting away from that sticky fog...,19140,CONVERSATION,EXT. DESVÍO HACIA EL CAMPO DE ENTRENAMIENTO - MEDIO DÍA 85,220 EXT. DESVÍO HACIA EL CAMPO DE ENTRENAMIENTO - MEDIO DÍA
19140,LIRIA,But... we can't afford to stop and soak up the sun.,19141,CONVERSATION,EXT. DESVÍO HACIA EL CAMPO DE ENTRENAMIENTO - MEDIO DÍA 86,220 EXT. DESVÍO HACIA EL CAMPO DE ENTRENAMIENTO - MEDIO DÍA
19141,LIRIA,"Parpadeo's lair must be very, very close...",19142,CONVERSATION,EXT. DESVÍO HACIA EL CAMPO DE ENTRENAMIENTO - MEDIO DÍA 87,220 EXT. DESVÍO HACIA EL CAMPO DE ENTRENAMIENTO - MEDIO DÍA
19142,LIRIA,"And the sooner we arrive, the less time we'll give him to fully recover!",19143,CONVERSATION,EXT. DESVÍO HACIA EL CAMPO DE ENTRENAMIENTO - MEDIO DÍA 88,220 EXT. DESVÍO HACIA EL CAMPO DE ENTRENAMIENTO - MEDIO DÍA
19143,LIRIA,I think we've kept a very good pace so far.,19144,CONVERSATION,EXT. DESVÍO HACIA EL CAMPO DE ENTRENAMIENTO - MEDIO DÍA 89,220 EXT. DESVÍO HACIA EL CAMPO DE ENTRENAMIENTO - MEDIO DÍA
19144,LIRIA,If we hurry a bit... I'm sure we can take advantage of this situation.,19145,CONVERSATION,EXT. DESVÍO HACIA EL CAMPO DE ENTRENAMIENTO - MEDIO DÍA 90,220 EXT. DESVÍO HACIA EL CAMPO DE ENTRENAMIENTO - MEDIO DÍA
19145,LIRIA,So... let's put the forks aside and focus on the goal.,19146,CONVERSATION,EXT. DESVÍO HACIA EL CAMPO DE ENTRENAMIENTO - MEDIO DÍA 91,220 EXT. DESVÍO HACIA EL CAMPO DE ENTRENAMIENTO - MEDIO DÍA
19146,LIRIA,Arg... Hoist the sails!,,END,EXT. DESVÍO HACIA EL CAMPO DE ENTRENAMIENTO - MEDIO DÍA 92,220 EXT. DESVÍO HACIA EL CAMPO DE ENTRENAMIENTO - MEDIO DÍA
20229,LIRIA,Oh… What a joy.,20230,CONVERSATION,EXT. SENDERO DE FLORES DE CRISTAL - MEDIO DÍA 1,221 EXT. SENDERO DE FLORES DE CRISTAL - MEDIO DÍA
20230,LIRIA,I can feel my mind clearing as the sunlight washes over me…,20231,CONVERSATION,EXT. SENDERO DE FLORES DE CRISTAL - MEDIO DÍA 2,221 EXT. SENDERO DE FLORES DE CRISTAL - MEDIO DÍA
20231,LIRIA,The cortisol levels in my system are starting to stabilize.,20232,CONVERSATION,EXT. SENDERO DE FLORES DE CRISTAL - MEDIO DÍA 3,221 EXT. SENDERO DE FLORES DE CRISTAL - MEDIO DÍA
20232,LIRIA,"I thought I wouldn't feel anything like this again, at least not until we'd dealt with that vile villain.",20233,CONVERSATION,EXT. SENDERO DE FLORES DE CRISTAL - MEDIO DÍA 4,221 EXT. SENDERO DE FLORES DE CRISTAL - MEDIO DÍA
20233,LIRIA,It almost feels like… an oasis.,20234,CONVERSATION,EXT. SENDERO DE FLORES DE CRISTAL - MEDIO DÍA 5,221 EXT. SENDERO DE FLORES DE CRISTAL - MEDIO DÍA
20234,LIRIA,"What do you say, Soren?",20235,CONVERSATION,EXT. SENDERO DE FLORES DE CRISTAL - MEDIO DÍA 6,221 EXT. SENDERO DE FLORES DE CRISTAL - MEDIO DÍA
20235,LIRIA,Wasn't taking this path the right decision?,20236,CONVERSATION,EXT. SENDERO DE FLORES DE CRISTAL - MEDIO DÍA 7,221 EXT. SENDERO DE FLORES DE CRISTAL - MEDIO DÍA
20236,SOREN,"Well, I still stand by my decision. We should have taken the detour.",20237,CONVERSATION,EXT. SENDERO DE FLORES DE CRISTAL - MEDIO DÍA 8,221 EXT. SENDERO DE FLORES DE CRISTAL - MEDIO DÍA
20237,SOREN,But the truth is… the decibels have dropped by 85%.,20238,CONVERSATION,EXT. SENDERO DE FLORES DE CRISTAL - MEDIO DÍA 9,221 EXT. SENDERO DE FLORES DE CRISTAL - MEDIO DÍA
20238,SOREN,"Visibility is optimal, and I don't detect any chaotic presences near us…",20239,CONVERSATION,EXT. SENDERO DE FLORES DE CRISTAL - MEDIO DÍA 10,221 EXT. SENDERO DE FLORES DE CRISTAL - MEDIO DÍA
20239,SOREN,"Definitely, it's the closest thing to an oasis we've set foot on since we began our adventure together.",20240,CONVERSATION,EXT. SENDERO DE FLORES DE CRISTAL - MEDIO DÍA 11,221 EXT. SENDERO DE FLORES DE CRISTAL - MEDIO DÍA
20240,SOREN,Uhm…,20241,CONVERSATION,EXT. SENDERO DE FLORES DE CRISTAL - MEDIO DÍA 12,221 EXT. SENDERO DE FLORES DE CRISTAL - MEDIO DÍA
20241,SOREN,It's… efficient.,20242,CONVERSATION,EXT. SENDERO DE FLORES DE CRISTAL - MEDIO DÍA 13,221 EXT. SENDERO DE FLORES DE CRISTAL - MEDIO DÍA
20242,SOREN,Perhaps… too efficient.,20243,CONVERSATION,EXT. SENDERO DE FLORES DE CRISTAL - MEDIO DÍA 14,221 EXT. SENDERO DE FLORES DE CRISTAL - MEDIO DÍA
20243,LIRIA,Huh? What do you mean?,20244,CONVERSATION,EXT. SENDERO DE FLORES DE CRISTAL - MEDIO DÍA 15,221 EXT. SENDERO DE FLORES DE CRISTAL - MEDIO DÍA
20244,SOREN,Pay attention to the flowers.,20245,CONVERSATION,EXT. SENDERO DE FLORES DE CRISTAL - MEDIO DÍA 16,221 EXT. SENDERO DE FLORES DE CRISTAL - MEDIO DÍA
20245,SOREN,They have no roots. They seem to be suspended above the ground.,20246,CONVERSATION,EXT. SENDERO DE FLORES DE CRISTAL - MEDIO DÍA 17,221 EXT. SENDERO DE FLORES DE CRISTAL - MEDIO DÍA
20246,SOREN,And that melody they're emitting…,20247,CONVERSATION,EXT. SENDERO DE FLORES DE CRISTAL - MEDIO DÍA 18,221 EXT. SENDERO DE FLORES DE CRISTAL - MEDIO DÍA
20247,SOREN,It's not an organic melody: it's a loop.,20248,CONVERSATION,EXT. SENDERO DE FLORES DE CRISTAL - MEDIO DÍA 19,221 EXT. SENDERO DE FLORES DE CRISTAL - MEDIO DÍA
20248,SOREN,"It's designed to put our brains into an alpha-wave phase, and not want to leave it.",20249,CONVERSATION,EXT. SENDERO DE FLORES DE CRISTAL - MEDIO DÍA 20,221 EXT. SENDERO DE FLORES DE CRISTAL - MEDIO DÍA
20249,SOREN,Even… our footprints.,20250,CONVERSATION,EXT. SENDERO DE FLORES DE CRISTAL - MEDIO DÍA 21,221 EXT. SENDERO DE FLORES DE CRISTAL - MEDIO DÍA
20250,SOREN,"They disappear immediately, without leaving any trace.",20251,CONVERSATION,EXT. SENDERO DE FLORES DE CRISTAL - MEDIO DÍA 22,221 EXT. SENDERO DE FLORES DE CRISTAL - MEDIO DÍA
20251,SOREN,How are we even going to know if we're moving forward?,20252,CONVERSATION,EXT. SENDERO DE FLORES DE CRISTAL - MEDIO DÍA 23,221 EXT. SENDERO DE FLORES DE CRISTAL - MEDIO DÍA
20252,LIRIA,Uhm…,20253,CONVERSATION,EXT. SENDERO DE FLORES DE CRISTAL - MEDIO DÍA 24,221 EXT. SENDERO DE FLORES DE CRISTAL - MEDIO DÍA
20253,LIRIA,If it weren't because you have good reason to think that…,20254,CONVERSATION,EXT. SENDERO DE FLORES DE CRISTAL - MEDIO DÍA 25,221 EXT. SENDERO DE FLORES DE CRISTAL - MEDIO DÍA
20254,LIRIA,"…I'd say you're trying to get your way, and that we should take the detour.",20255,CONVERSATION,EXT. SENDERO DE FLORES DE CRISTAL - MEDIO DÍA 26,221 EXT. SENDERO DE FLORES DE CRISTAL - MEDIO DÍA
20255,LIRIA,But…,20256,CONVERSATION,EXT. SENDERO DE FLORES DE CRISTAL - MEDIO DÍA 27,221 EXT. SENDERO DE FLORES DE CRISTAL - MEDIO DÍA
20256,LIRIA,"You might be right, Soren.",20257,CONVERSATION,EXT. SENDERO DE FLORES DE CRISTAL - MEDIO DÍA 28,221 EXT. SENDERO DE FLORES DE CRISTAL - MEDIO DÍA
20257,LIRIA,"The existence of a place like this in the northern hemisphere of Mindveil, where chaos intensifies…",20258,CONVERSATION,EXT. SENDERO DE FLORES DE CRISTAL - MEDIO DÍA 29,221 EXT. SENDERO DE FLORES DE CRISTAL - MEDIO DÍA
20258,LIRIA,It's too strange.,20259,CONVERSATION,EXT. SENDERO DE FLORES DE CRISTAL - MEDIO DÍA 30,221 EXT. SENDERO DE FLORES DE CRISTAL - MEDIO DÍA
20259,LIRIA,We might be in a…,20260,CONVERSATION,EXT. SENDERO DE FLORES DE CRISTAL - MEDIO DÍA 31,221 EXT. SENDERO DE FLORES DE CRISTAL - MEDIO DÍA
20260,LIRIA,Wait… what was it called…?,20261,CONVERSATION,EXT. SENDERO DE FLORES DE CRISTAL - MEDIO DÍA 32,221 EXT. SENDERO DE FLORES DE CRISTAL - MEDIO DÍA
20261,LIRIA,"Ah, right…",20262,CONVERSATION,EXT. SENDERO DE FLORES DE CRISTAL - MEDIO DÍA 33,221 EXT. SENDERO DE FLORES DE CRISTAL - MEDIO DÍA
20262,LIRIA,“Bottomless positivity trap”.,20263,CONVERSATION,EXT. SENDERO DE FLORES DE CRISTAL - MEDIO DÍA 34,221 EXT. SENDERO DE FLORES DE CRISTAL - MEDIO DÍA
20263,LIRIA,"They're large expanses of hedonistic origin, usually idyllic gardens…",20264,CONVERSATION,EXT. SENDERO DE FLORES DE CRISTAL - MEDIO DÍA 35,221 EXT. SENDERO DE FLORES DE CRISTAL - MEDIO DÍA
20264,LIRIA,…deliberately built for those people who can't bear the pain of growth.,20265,CONVERSATION,EXT. SENDERO DE FLORES DE CRISTAL - MEDIO DÍA 36,221 EXT. SENDERO DE FLORES DE CRISTAL - MEDIO DÍA
20265,LIRIA,"In these fields there shouldn't be monsters stalking us, nor mechanisms that deceive our senses.",20266,CONVERSATION,EXT. SENDERO DE FLORES DE CRISTAL - MEDIO DÍA 37,221 EXT. SENDERO DE FLORES DE CRISTAL - MEDIO DÍA
20266,LIRIA,But this land…,20267,CONVERSATION,EXT. SENDERO DE FLORES DE CRISTAL - MEDIO DÍA 38,221 EXT. SENDERO DE FLORES DE CRISTAL - MEDIO DÍA
20267,LIRIA,It's a graveyard of ambitions.,20268,CONVERSATION,EXT. SENDERO DE FLORES DE CRISTAL - MEDIO DÍA 39,221 EXT. SENDERO DE FLORES DE CRISTAL - MEDIO DÍA
20268,LIRIA,"A place without conflict, where you can feel good, safe, and in control…",20269,CONVERSATION,EXT. SENDERO DE FLORES DE CRISTAL - MEDIO DÍA 40,221 EXT. SENDERO DE FLORES DE CRISTAL - MEDIO DÍA
20269,LIRIA,…But that can easily make us forget why we're fighting.,20270,CONVERSATION,EXT. SENDERO DE FLORES DE CRISTAL - MEDIO DÍA 41,221 EXT. SENDERO DE FLORES DE CRISTAL - MEDIO DÍA
20270,LIRIA,Let's enjoy the calm while it lasts…,20271,CONVERSATION,EXT. SENDERO DE FLORES DE CRISTAL - MEDIO DÍA 42,221 EXT. SENDERO DE FLORES DE CRISTAL - MEDIO DÍA
20271,LIRIA,But let's not forget our purpose.,20272,CONVERSATION,EXT. SENDERO DE FLORES DE CRISTAL - MEDIO DÍA 43,221 EXT. SENDERO DE FLORES DE CRISTAL - MEDIO DÍA
20272,LIRIA,Let's keep going!,,END,EXT. SENDERO DE FLORES DE CRISTAL - MEDIO DÍA 44,221 EXT. SENDERO DE FLORES DE CRISTAL - MEDIO DÍA
21355,LIRIA,"Hey, team...",21356,CONVERSATION,INT. ENTRADA AL LABERINTO DE ESPEJOS - ATARDECER 1,222 INT. ENTRADA AL LABERINTO DE ESPEJOS - ATARDECER
21356,LIRIA,Doesn't this stone structure catch your attention?,21357,CONVERSATION,INT. ENTRADA AL LABERINTO DE ESPEJOS - ATARDECER 2,222 INT. ENTRADA AL LABERINTO DE ESPEJOS - ATARDECER
21357,LIRIA,"Hey, @NAME...",21358,CONVERSATION,INT. ENTRADA AL LABERINTO DE ESPEJOS - ATARDECER 3,222 INT. ENTRADA AL LABERINTO DE ESPEJOS - ATARDECER
21358,LIRIA,Doesn't this stone structure catch your attention?,21359,CONVERSATION,INT. ENTRADA AL LABERINTO DE ESPEJOS - ATARDECER 4,222 INT. ENTRADA AL LABERINTO DE ESPEJOS - ATARDECER
21359,LIRIA,I'm starting to detect in it a certain... presence.,21360,CONVERSATION,INT. ENTRADA AL LABERINTO DE ESPEJOS - ATARDECER 5,222 INT. ENTRADA AL LABERINTO DE ESPEJOS - ATARDECER
21360,LIRIA,I can feel how the air is getting heavier than before.,21361,CONVERSATION,INT. ENTRADA AL LABERINTO DE ESPEJOS - ATARDECER 6,222 INT. ENTRADA AL LABERINTO DE ESPEJOS - ATARDECER
21361,LIRIA,And I hear an unpleasant noise... but strangely familiar.,21362,CONVERSATION,INT. ENTRADA AL LABERINTO DE ESPEJOS - ATARDECER 7,222 INT. ENTRADA AL LABERINTO DE ESPEJOS - ATARDECER
21362,LIRIA,Let me inspect the monolith thoroughly.,21363,CONVERSATION,INT. ENTRADA AL LABERINTO DE ESPEJOS - ATARDECER 8,222 INT. ENTRADA AL LABERINTO DE ESPEJOS - ATARDECER
21363,LIRIA,...,21364,CONVERSATION,INT. ENTRADA AL LABERINTO DE ESPEJOS - ATARDECER 9,222 INT. ENTRADA AL LABERINTO DE ESPEJOS - ATARDECER
21364,LIRIA,...?!,21365,CONVERSATION,INT. ENTRADA AL LABERINTO DE ESPEJOS - ATARDECER 10,222 INT. ENTRADA AL LABERINTO DE ESPEJOS - ATARDECER
21365,LIRIA,This geometry... these inscriptions...,21366,CONVERSATION,INT. ENTRADA AL LABERINTO DE ESPEJOS - ATARDECER 11,222 INT. ENTRADA AL LABERINTO DE ESPEJOS - ATARDECER
21366,LIRIA,And above all... that damned screeching.,21367,CONVERSATION,INT. ENTRADA AL LABERINTO DE ESPEJOS - ATARDECER 12,222 INT. ENTRADA AL LABERINTO DE ESPEJOS - ATARDECER
21367,LIRIA,No... I can't believe it...,21368,CONVERSATION,INT. ENTRADA AL LABERINTO DE ESPEJOS - ATARDECER 13,222 INT. ENTRADA AL LABERINTO DE ESPEJOS - ATARDECER
21368,LIRIA,"This isn't a monolith, team...",21369,CONVERSATION,INT. ENTRADA AL LABERINTO DE ESPEJOS - ATARDECER 14,222 INT. ENTRADA AL LABERINTO DE ESPEJOS - ATARDECER
21369,LIRIA,"This isn't a monolith, @NAME...",21370,CONVERSATION,INT. ENTRADA AL LABERINTO DE ESPEJOS - ATARDECER 15,222 INT. ENTRADA AL LABERINTO DE ESPEJOS - ATARDECER
21370,LIRIA,This is... a portal!,21371,CONVERSATION,INT. ENTRADA AL LABERINTO DE ESPEJOS - ATARDECER 16,222 INT. ENTRADA AL LABERINTO DE ESPEJOS - ATARDECER
21371,LIRIA,A hidden entrance!,21372,CONVERSATION,INT. ENTRADA AL LABERINTO DE ESPEJOS - ATARDECER 17,222 INT. ENTRADA AL LABERINTO DE ESPEJOS - ATARDECER
21372,LIRIA,Parpadeo...,21373,CONVERSATION,INT. ENTRADA AL LABERINTO DE ESPEJOS - ATARDECER 18,222 INT. ENTRADA AL LABERINTO DE ESPEJOS - ATARDECER
21373,LIRIA,The scourge of Mindveil...,21374,CONVERSATION,INT. ENTRADA AL LABERINTO DE ESPEJOS - ATARDECER 19,222 INT. ENTRADA AL LABERINTO DE ESPEJOS - ATARDECER
21374,LIRIA,It's right here!,21375,CONVERSATION,INT. ENTRADA AL LABERINTO DE ESPEJOS - ATARDECER 20,222 INT. ENTRADA AL LABERINTO DE ESPEJOS - ATARDECER
21375,LIRIA,Or rather... somewhere connected to this space.,21376,CONVERSATION,INT. ENTRADA AL LABERINTO DE ESPEJOS - ATARDECER 21,222 INT. ENTRADA AL LABERINTO DE ESPEJOS - ATARDECER
21376,LIRIA,Agh...,21377,CONVERSATION,INT. ENTRADA AL LABERINTO DE ESPEJOS - ATARDECER 22,222 INT. ENTRADA AL LABERINTO DE ESPEJOS - ATARDECER
21377,LIRIA,My hair's standing on end just hearing it again...,21378,CONVERSATION,INT. ENTRADA AL LABERINTO DE ESPEJOS - ATARDECER 23,222 INT. ENTRADA AL LABERINTO DE ESPEJOS - ATARDECER
21378,LIRIA,And there's a part of me that wishes I didn't have to go looking for it in there.,21379,CONVERSATION,INT. ENTRADA AL LABERINTO DE ESPEJOS - ATARDECER 24,222 INT. ENTRADA AL LABERINTO DE ESPEJOS - ATARDECER
21379,LIRIA,"But we found it very quickly... and, in a way...",21380,CONVERSATION,INT. ENTRADA AL LABERINTO DE ESPEJOS - ATARDECER 25,222 INT. ENTRADA AL LABERINTO DE ESPEJOS - ATARDECER
21380,LIRIA,...that also makes me feel confident about what's to come.,21381,CONVERSATION,INT. ENTRADA AL LABERINTO DE ESPEJOS - ATARDECER 26,222 INT. ENTRADA AL LABERINTO DE ESPEJOS - ATARDECER
21381,LIRIA,Hm...,21382,CONVERSATION,INT. ENTRADA AL LABERINTO DE ESPEJOS - ATARDECER 27,222 INT. ENTRADA AL LABERINTO DE ESPEJOS - ATARDECER
21382,LIRIA,"I'm sure, in the blink of an eye, we'll come out of there triumphant...",21383,CONVERSATION,INT. ENTRADA AL LABERINTO DE ESPEJOS - ATARDECER 28,222 INT. ENTRADA AL LABERINTO DE ESPEJOS - ATARDECER
21383,LIRIA,"They'll know us far and wide across the Realms of Being as ""the saviors of Mindveil"".",21384,CONVERSATION,INT. ENTRADA AL LABERINTO DE ESPEJOS - ATARDECER 29,222 INT. ENTRADA AL LABERINTO DE ESPEJOS - ATARDECER
21384,LIRIA,And more importantly...,21385,CONVERSATION,INT. ENTRADA AL LABERINTO DE ESPEJOS - ATARDECER 30,222 INT. ENTRADA AL LABERINTO DE ESPEJOS - ATARDECER
21385,LIRIA,I'm sure they'll invite us to grand banquets to celebrate our victory.,21386,CONVERSATION,INT. ENTRADA AL LABERINTO DE ESPEJOS - ATARDECER 31,222 INT. ENTRADA AL LABERINTO DE ESPEJOS - ATARDECER
21386,LIRIA,Though maybe before that... we need to figure out a small detail.,21387,CONVERSATION,INT. ENTRADA AL LABERINTO DE ESPEJOS - ATARDECER 32,222 INT. ENTRADA AL LABERINTO DE ESPEJOS - ATARDECER
21387,LIRIA,How exactly are we supposed to get in there?,21388,CONVERSATION,INT. ENTRADA AL LABERINTO DE ESPEJOS - ATARDECER 33,222 INT. ENTRADA AL LABERINTO DE ESPEJOS - ATARDECER
21388,JUGADOR,Maybe there's some way to activate the portal.,21389,CONVERSATION,INT. ENTRADA AL LABERINTO DE ESPEJOS - ATARDECER 34,222 INT. ENTRADA AL LABERINTO DE ESPEJOS - ATARDECER
21389,SOREN,"I was just thinking about that, @NAME.",21390,CONVERSATION,INT. ENTRADA AL LABERINTO DE ESPEJOS - ATARDECER 35,222 INT. ENTRADA AL LABERINTO DE ESPEJOS - ATARDECER
21390,LIRIA,Totally!,21391,CONVERSATION,INT. ENTRADA AL LABERINTO DE ESPEJOS - ATARDECER 36,222 INT. ENTRADA AL LABERINTO DE ESPEJOS - ATARDECER
21391,LIRIA,If we're really facing a locked door...,21392,CONVERSATION,INT. ENTRADA AL LABERINTO DE ESPEJOS - ATARDECER 37,222 INT. ENTRADA AL LABERINTO DE ESPEJOS - ATARDECER
21392,LIRIA,There has to be a key somewhere that lets us open it.,21393,CONVERSATION,INT. ENTRADA AL LABERINTO DE ESPEJOS - ATARDECER 38,222 INT. ENTRADA AL LABERINTO DE ESPEJOS - ATARDECER
21393,LIRIA,But of course... finding it could be like looking for a needle in a haystack.,21394,CONVERSATION,INT. ENTRADA AL LABERINTO DE ESPEJOS - ATARDECER 39,222 INT. ENTRADA AL LABERINTO DE ESPEJOS - ATARDECER
21394,LIRIA,Mindveil is huge. And our time is limited.,21395,CONVERSATION,INT. ENTRADA AL LABERINTO DE ESPEJOS - ATARDECER 40,222 INT. ENTRADA AL LABERINTO DE ESPEJOS - ATARDECER
21395,LIRIA,Maybe we can start by investigating the surroundings.,21396,CONVERSATION,INT. ENTRADA AL LABERINTO DE ESPEJOS - ATARDECER 41,222 INT. ENTRADA AL LABERINTO DE ESPEJOS - ATARDECER
21396,LIRIA,"If Parpadeo rushed in there, looking for shelter...",21397,CONVERSATION,INT. ENTRADA AL LABERINTO DE ESPEJOS - ATARDECER 42,222 INT. ENTRADA AL LABERINTO DE ESPEJOS - ATARDECER
21397,LIRIA,It's possible they left some loose end we can pull on.,,END,INT. ENTRADA AL LABERINTO DE ESPEJOS - ATARDECER 43,222 INT. ENTRADA AL LABERINTO DE ESPEJOS - ATARDECER
21398,JUGADOR,Let's destroy the monolith. Let's trap it in there.,21399,CONVERSATION,INT. ENTRADA AL LABERINTO DE ESPEJOS - ATARDECER 44,222 INT. ENTRADA AL LABERINTO DE ESPEJOS - ATARDECER
21399,SOREN,"Wow, @NAME...",21400,CONVERSATION,INT. ENTRADA AL LABERINTO DE ESPEJOS - ATARDECER 45,222 INT. ENTRADA AL LABERINTO DE ESPEJOS - ATARDECER
21400,SOREN,What a... elegant solution.,21401,CONVERSATION,INT. ENTRADA AL LABERINTO DE ESPEJOS - ATARDECER 46,222 INT. ENTRADA AL LABERINTO DE ESPEJOS - ATARDECER
21401,LIRIA,"Ha, ha!",21402,CONVERSATION,INT. ENTRADA AL LABERINTO DE ESPEJOS - ATARDECER 47,222 INT. ENTRADA AL LABERINTO DE ESPEJOS - ATARDECER
21402,LIRIA,"Well, you haven't seen anything yet, Soren!",21403,CONVERSATION,INT. ENTRADA AL LABERINTO DE ESPEJOS - ATARDECER 48,222 INT. ENTRADA AL LABERINTO DE ESPEJOS - ATARDECER
21403,LIRIA,Technically... it should be possible.,21404,CONVERSATION,INT. ENTRADA AL LABERINTO DE ESPEJOS - ATARDECER 49,222 INT. ENTRADA AL LABERINTO DE ESPEJOS - ATARDECER
21404,LIRIA,If this monolith really is a lock...,21405,CONVERSATION,INT. ENTRADA AL LABERINTO DE ESPEJOS - ATARDECER 50,222 INT. ENTRADA AL LABERINTO DE ESPEJOS - ATARDECER
21405,LIRIA,"By destroying it, we should be able to block the entrance... and the exit, too.",21406,CONVERSATION,INT. ENTRADA AL LABERINTO DE ESPEJOS - ATARDECER 51,222 INT. ENTRADA AL LABERINTO DE ESPEJOS - ATARDECER
21406,LIRIA,"Though, judging by the kind of stone it's made of...",21407,CONVERSATION,INT. ENTRADA AL LABERINTO DE ESPEJOS - ATARDECER 52,222 INT. ENTRADA AL LABERINTO DE ESPEJOS - ATARDECER
21407,LIRIA,"I don't think it'll be a trivial job, exactly.",21408,CONVERSATION,INT. ENTRADA AL LABERINTO DE ESPEJOS - ATARDECER 53,222 INT. ENTRADA AL LABERINTO DE ESPEJOS - ATARDECER
21408,LIRIA,"But, well...",21409,CONVERSATION,INT. ENTRADA AL LABERINTO DE ESPEJOS - ATARDECER 54,222 INT. ENTRADA AL LABERINTO DE ESPEJOS - ATARDECER
21409,LIRIA,We can take it with a bit of calm.,21410,CONVERSATION,INT. ENTRADA AL LABERINTO DE ESPEJOS - ATARDECER 55,222 INT. ENTRADA AL LABERINTO DE ESPEJOS - ATARDECER
21410,LIRIA,"After all, if it comes out of there at any point, it'll run straight into us.",21411,CONVERSATION,INT. ENTRADA AL LABERINTO DE ESPEJOS - ATARDECER 56,222 INT. ENTRADA AL LABERINTO DE ESPEJOS - ATARDECER
21411,LIRIA,It'll be... something like an ambush.,21412,CONVERSATION,INT. ENTRADA AL LABERINTO DE ESPEJOS - ATARDECER 57,222 INT. ENTRADA AL LABERINTO DE ESPEJOS - ATARDECER
21412,LIRIA,"And if that happens, we'll be more than ready for the fight.",,END,INT. ENTRADA AL LABERINTO DE ESPEJOS - ATARDECER 58,222 INT. ENTRADA AL LABERINTO DE ESPEJOS - ATARDECER
21413,JUGADOR,Let's look for bait. Let's make it come out of there.,21414,CONVERSATION,INT. ENTRADA AL LABERINTO DE ESPEJOS - ATARDECER 59,222 INT. ENTRADA AL LABERINTO DE ESPEJOS - ATARDECER
21414,SOREN,That sounds... smart.,21415,CONVERSATION,INT. ENTRADA AL LABERINTO DE ESPEJOS - ATARDECER 60,222 INT. ENTRADA AL LABERINTO DE ESPEJOS - ATARDECER
21415,LIRIA,Uhm...,21416,CONVERSATION,INT. ENTRADA AL LABERINTO DE ESPEJOS - ATARDECER 61,222 INT. ENTRADA AL LABERINTO DE ESPEJOS - ATARDECER
21416,LIRIA,It could work...,21417,CONVERSATION,INT. ENTRADA AL LABERINTO DE ESPEJOS - ATARDECER 62,222 INT. ENTRADA AL LABERINTO DE ESPEJOS - ATARDECER
21417,LIRIA,Parpadeo is a very scattered being. It's compulsive and visceral.,21418,CONVERSATION,INT. ENTRADA AL LABERINTO DE ESPEJOS - ATARDECER 63,222 INT. ENTRADA AL LABERINTO DE ESPEJOS - ATARDECER
21418,LIRIA,It shouldn't be hard to find something that catches its attention.,21419,CONVERSATION,INT. ENTRADA AL LABERINTO DE ESPEJOS - ATARDECER 64,222 INT. ENTRADA AL LABERINTO DE ESPEJOS - ATARDECER
21419,LIRIA,Though I have absolutely no idea how communication works with the other side of the portal.,21420,CONVERSATION,INT. ENTRADA AL LABERINTO DE ESPEJOS - ATARDECER 65,222 INT. ENTRADA AL LABERINTO DE ESPEJOS - ATARDECER
21420,LIRIA,"We likely still need to open a small breach, whether so it can hear us or to throw the bait through.",21421,CONVERSATION,INT. ENTRADA AL LABERINTO DE ESPEJOS - ATARDECER 66,222 INT. ENTRADA AL LABERINTO DE ESPEJOS - ATARDECER
21421,LIRIA,Maybe we can start by investigating the surroundings.,21422,CONVERSATION,INT. ENTRADA AL LABERINTO DE ESPEJOS - ATARDECER 67,222 INT. ENTRADA AL LABERINTO DE ESPEJOS - ATARDECER
21422,LIRIA,Let's see what we can do to pique its interest...,21423,CONVERSATION,INT. ENTRADA AL LABERINTO DE ESPEJOS - ATARDECER 68,222 INT. ENTRADA AL LABERINTO DE ESPEJOS - ATARDECER
21423,LIRIA,While we figure out how we can manage to connect with the other side.,,END,INT. ENTRADA AL LABERINTO DE ESPEJOS - ATARDECER 69,222 INT. ENTRADA AL LABERINTO DE ESPEJOS - ATARDECER
22506,LIRIA,All right... We're back.,22507,CONVERSATION,INT. ENTRADA AL LABERINTO DE ESPEJOS [SEGUNDA VEZ] - ATARDECER 1,222 INT. ENTRADA AL LABERINTO DE ESPEJOS [SEGUNDA VEZ] - ATARDECER
22507,LIRIA,Let's see if all this effort was worth something.,22508,CONVERSATION,INT. ENTRADA AL LABERINTO DE ESPEJOS [SEGUNDA VEZ] - ATARDECER 2,222 INT. ENTRADA AL LABERINTO DE ESPEJOS [SEGUNDA VEZ] - ATARDECER
22508,LIRIA,What...?!,22509,CONVERSATION,INT. ENTRADA AL LABERINTO DE ESPEJOS [SEGUNDA VEZ] - ATARDECER 3,222 INT. ENTRADA AL LABERINTO DE ESPEJOS [SEGUNDA VEZ] - ATARDECER
22509,LIRIA,"Look, @NAME!",22510,CONVERSATION,INT. ENTRADA AL LABERINTO DE ESPEJOS [SEGUNDA VEZ] - ATARDECER 4,222 INT. ENTRADA AL LABERINTO DE ESPEJOS [SEGUNDA VEZ] - ATARDECER
22510,LIRIA,The monolith... It's glowing!,22511,CONVERSATION,INT. ENTRADA AL LABERINTO DE ESPEJOS [SEGUNDA VEZ] - ATARDECER 5,222 INT. ENTRADA AL LABERINTO DE ESPEJOS [SEGUNDA VEZ] - ATARDECER
22511,JUGADOR,Touch it,22513,CONVERSATION,INT. ENTRADA AL LABERINTO DE ESPEJOS [SEGUNDA VEZ] - ATARDECER 6,222 INT. ENTRADA AL LABERINTO DE ESPEJOS [SEGUNDA VEZ] - ATARDECER
22512,JUGADOR,Leave it alone,22513,CONVERSATION,INT. ENTRADA AL LABERINTO DE ESPEJOS [SEGUNDA VEZ] - ATARDECER 7,222 INT. ENTRADA AL LABERINTO DE ESPEJOS [SEGUNDA VEZ] - ATARDECER
22513,MONOLITO,...,22514,CONVERSATION,INT. ENTRADA AL LABERINTO DE ESPEJOS [SEGUNDA VEZ] - ATARDECER 8,222 INT. ENTRADA AL LABERINTO DE ESPEJOS [SEGUNDA VEZ] - ATARDECER
22514,MONOLITO,EXCESS IS CONTAINED.,22515,CONVERSATION,INT. ENTRADA AL LABERINTO DE ESPEJOS [SEGUNDA VEZ] - ATARDECER 9,222 INT. ENTRADA AL LABERINTO DE ESPEJOS [SEGUNDA VEZ] - ATARDECER
22515,MONOLITO,THE REFLECTION IS UNDERSTOOD.,22516,CONVERSATION,INT. ENTRADA AL LABERINTO DE ESPEJOS [SEGUNDA VEZ] - ATARDECER 10,222 INT. ENTRADA AL LABERINTO DE ESPEJOS [SEGUNDA VEZ] - ATARDECER
22516,MONOLITO,THE ABYSS RESPONDS.,22517,CONVERSATION,INT. ENTRADA AL LABERINTO DE ESPEJOS [SEGUNDA VEZ] - ATARDECER 11,222 INT. ENTRADA AL LABERINTO DE ESPEJOS [SEGUNDA VEZ] - ATARDECER
22517,MONOLITO,...,22518,CONVERSATION,INT. ENTRADA AL LABERINTO DE ESPEJOS [SEGUNDA VEZ] - ATARDECER 12,222 INT. ENTRADA AL LABERINTO DE ESPEJOS [SEGUNDA VEZ] - ATARDECER
22518,LIRIA,Um...,22519,CONVERSATION,INT. ENTRADA AL LABERINTO DE ESPEJOS [SEGUNDA VEZ] - ATARDECER 13,222 INT. ENTRADA AL LABERINTO DE ESPEJOS [SEGUNDA VEZ] - ATARDECER
22519,LIRIA,Okaaay?,22520,CONVERSATION,INT. ENTRADA AL LABERINTO DE ESPEJOS [SEGUNDA VEZ] - ATARDECER 14,222 INT. ENTRADA AL LABERINTO DE ESPEJOS [SEGUNDA VEZ] - ATARDECER
22520,LIRIA,And that's it?,22521,CONVERSATION,INT. ENTRADA AL LABERINTO DE ESPEJOS [SEGUNDA VEZ] - ATARDECER 15,222 INT. ENTRADA AL LABERINTO DE ESPEJOS [SEGUNDA VEZ] - ATARDECER
22521,LIRIA,"It turns off like that, just like that?",22522,CONVERSATION,INT. ENTRADA AL LABERINTO DE ESPEJOS [SEGUNDA VEZ] - ATARDECER 16,222 INT. ENTRADA AL LABERINTO DE ESPEJOS [SEGUNDA VEZ] - ATARDECER
22522,LIRIA,Oh...,22523,CONVERSATION,INT. ENTRADA AL LABERINTO DE ESPEJOS [SEGUNDA VEZ] - ATARDECER 17,222 INT. ENTRADA AL LABERINTO DE ESPEJOS [SEGUNDA VEZ] - ATARDECER
22523,LIRIA,Did we do something wrong?,22524,CONVERSATION,INT. ENTRADA AL LABERINTO DE ESPEJOS [SEGUNDA VEZ] - ATARDECER 18,222 INT. ENTRADA AL LABERINTO DE ESPEJOS [SEGUNDA VEZ] - ATARDECER
22524,SOREN,Five... Four...,22525,CONVERSATION,INT. ENTRADA AL LABERINTO DE ESPEJOS [SEGUNDA VEZ] - ATARDECER 19,222 INT. ENTRADA AL LABERINTO DE ESPEJOS [SEGUNDA VEZ] - ATARDECER
22525,LIRIA,But... what's he doing now?,22526,CONVERSATION,INT. ENTRADA AL LABERINTO DE ESPEJOS [SEGUNDA VEZ] - ATARDECER 20,222 INT. ENTRADA AL LABERINTO DE ESPEJOS [SEGUNDA VEZ] - ATARDECER
22526,SOREN,... Three... Two...,22527,CONVERSATION,INT. ENTRADA AL LABERINTO DE ESPEJOS [SEGUNDA VEZ] - ATARDECER 21,222 INT. ENTRADA AL LABERINTO DE ESPEJOS [SEGUNDA VEZ] - ATARDECER
22527,LIRIA,Ugh...,22528,CONVERSATION,INT. ENTRADA AL LABERINTO DE ESPEJOS [SEGUNDA VEZ] - ATARDECER 22,222 INT. ENTRADA AL LABERINTO DE ESPEJOS [SEGUNDA VEZ] - ATARDECER
22528,SOREN,... One...,22529,CONVERSATION,INT. ENTRADA AL LABERINTO DE ESPEJOS [SEGUNDA VEZ] - ATARDECER 23,222 INT. ENTRADA AL LABERINTO DE ESPEJOS [SEGUNDA VEZ] - ATARDECER
22529,SOREN,And...,22530,CONVERSATION,INT. ENTRADA AL LABERINTO DE ESPEJOS [SEGUNDA VEZ] - ATARDECER 24,222 INT. ENTRADA AL LABERINTO DE ESPEJOS [SEGUNDA VEZ] - ATARDECER
22530,LIRIA,AHHH!,22531,CONVERSATION,INT. ENTRADA AL LABERINTO DE ESPEJOS [SEGUNDA VEZ] - ATARDECER 25,222 INT. ENTRADA AL LABERINTO DE ESPEJOS [SEGUNDA VEZ] - ATARDECER
22531,SOREN,... Zero.,22532,CONVERSATION,INT. ENTRADA AL LABERINTO DE ESPEJOS [SEGUNDA VEZ] - ATARDECER 26,222 INT. ENTRADA AL LABERINTO DE ESPEJOS [SEGUNDA VEZ] - ATARDECER
22532,LIRIA,It's the portal!,22533,CONVERSATION,INT. ENTRADA AL LABERINTO DE ESPEJOS [SEGUNDA VEZ] - ATARDECER 27,222 INT. ENTRADA AL LABERINTO DE ESPEJOS [SEGUNDA VEZ] - ATARDECER
22533,LIRIA,We did it!,22534,CONVERSATION,INT. ENTRADA AL LABERINTO DE ESPEJOS [SEGUNDA VEZ] - ATARDECER 28,222 INT. ENTRADA AL LABERINTO DE ESPEJOS [SEGUNDA VEZ] - ATARDECER
22534,LIRIA,I knew we'd followed the steps correctly!,22535,CONVERSATION,INT. ENTRADA AL LABERINTO DE ESPEJOS [SEGUNDA VEZ] - ATARDECER 29,222 INT. ENTRADA AL LABERINTO DE ESPEJOS [SEGUNDA VEZ] - ATARDECER
22535,LIRIA,But we still can't celebrate yet...,22536,CONVERSATION,INT. ENTRADA AL LABERINTO DE ESPEJOS [SEGUNDA VEZ] - ATARDECER 30,222 INT. ENTRADA AL LABERINTO DE ESPEJOS [SEGUNDA VEZ] - ATARDECER
22536,LIRIA,We have to do something before it closes!,22537,CONVERSATION,INT. ENTRADA AL LABERINTO DE ESPEJOS [SEGUNDA VEZ] - ATARDECER 31,222 INT. ENTRADA AL LABERINTO DE ESPEJOS [SEGUNDA VEZ] - ATARDECER
22537,JUGADOR,Let's jump in!,22538,CONVERSATION,INT. ENTRADA AL LABERINTO DE ESPEJOS [SEGUNDA VEZ] - ATARDECER 32,222 INT. ENTRADA AL LABERINTO DE ESPEJOS [SEGUNDA VEZ] - ATARDECER
22538,SOREN,"Behind you, @NAME!",22539,CONVERSATION,INT. ENTRADA AL LABERINTO DE ESPEJOS [SEGUNDA VEZ] - ATARDECER 33,222 INT. ENTRADA AL LABERINTO DE ESPEJOS [SEGUNDA VEZ] - ATARDECER
22539,LIRIA,"Yes, let's do it!",22540,CONVERSATION,INT. ENTRADA AL LABERINTO DE ESPEJOS [SEGUNDA VEZ] - ATARDECER 34,222 INT. ENTRADA AL LABERINTO DE ESPEJOS [SEGUNDA VEZ] - ATARDECER
22540,LIRIA,"Get ready, Blink...",22541,CONVERSATION,INT. ENTRADA AL LABERINTO DE ESPEJOS [SEGUNDA VEZ] - ATARDECER 35,222 INT. ENTRADA AL LABERINTO DE ESPEJOS [SEGUNDA VEZ] - ATARDECER
22541,LIRIA,You're done running from us.,22542,CONVERSATION,INT. ENTRADA AL LABERINTO DE ESPEJOS [SEGUNDA VEZ] - ATARDECER 36,222 INT. ENTRADA AL LABERINTO DE ESPEJOS [SEGUNDA VEZ] - ATARDECER
22542,LIRIA,Now it's time for you to face the consequences of your actions!,,END,INT. ENTRADA AL LABERINTO DE ESPEJOS [SEGUNDA VEZ] - ATARDECER 37,222 INT. ENTRADA AL LABERINTO DE ESPEJOS [SEGUNDA VEZ] - ATARDECER
22543,JUGADOR,Let's throw the bait!,22544,CONVERSATION,INT. ENTRADA AL LABERINTO DE ESPEJOS [SEGUNDA VEZ] - ATARDECER 38,222 INT. ENTRADA AL LABERINTO DE ESPEJOS [SEGUNDA VEZ] - ATARDECER
22544,LIRIA,"We didn't get any bait, @NAME!",22545,CONVERSATION,INT. ENTRADA AL LABERINTO DE ESPEJOS [SEGUNDA VEZ] - ATARDECER 39,222 INT. ENTRADA AL LABERINTO DE ESPEJOS [SEGUNDA VEZ] - ATARDECER
22545,LIRIA,We have nothing to get its attention...,22546,CONVERSATION,INT. ENTRADA AL LABERINTO DE ESPEJOS [SEGUNDA VEZ] - ATARDECER 40,222 INT. ENTRADA AL LABERINTO DE ESPEJOS [SEGUNDA VEZ] - ATARDECER
22546,LIRIA,We'll have to go in there and drag it out by force!,,END,INT. ENTRADA AL LABERINTO DE ESPEJOS [SEGUNDA VEZ] - ATARDECER 41,222 INT. ENTRADA AL LABERINTO DE ESPEJOS [SEGUNDA VEZ] - ATARDECER
23629,LIRIA,Team...,23631,CONVERSATION,INT. INMEDIACIONES DEL LABERINTO DE ESPEJOS - ATARDECER 1,223 INT. INMEDIACIONES DEL LABERINTO DE ESPEJOS - ATARDECER
23630,LIRIA,@NAME...,23631,CONVERSATION,INT. INMEDIACIONES DEL LABERINTO DE ESPEJOS - ATARDECER 2,223 INT. INMEDIACIONES DEL LABERINTO DE ESPEJOS - ATARDECER
23631,LIRIA,These inscriptions...,23632,CONVERSATION,INT. INMEDIACIONES DEL LABERINTO DE ESPEJOS - ATARDECER 3,223 INT. INMEDIACIONES DEL LABERINTO DE ESPEJOS - ATARDECER
23632,LIRIA,They're the same ones the monolith had engraved on it!,23633,CONVERSATION,INT. INMEDIACIONES DEL LABERINTO DE ESPEJOS - ATARDECER 4,223 INT. INMEDIACIONES DEL LABERINTO DE ESPEJOS - ATARDECER
23633,LIRIA,Could they be connected to the portal somehow?,23634,CONVERSATION,INT. INMEDIACIONES DEL LABERINTO DE ESPEJOS - ATARDECER 5,223 INT. INMEDIACIONES DEL LABERINTO DE ESPEJOS - ATARDECER
23634,LIRIA,Uhm...,23635,CONVERSATION,INT. INMEDIACIONES DEL LABERINTO DE ESPEJOS - ATARDECER 6,223 INT. INMEDIACIONES DEL LABERINTO DE ESPEJOS - ATARDECER
23635,LIRIA,They're in a very ancient language... Though I think I could decipher some parts.,23636,CONVERSATION,INT. INMEDIACIONES DEL LABERINTO DE ESPEJOS - ATARDECER 7,223 INT. INMEDIACIONES DEL LABERINTO DE ESPEJOS - ATARDECER
23636,LIRIA,"""... roars, look ... within and... then... the void""",23637,CONVERSATION,INT. INMEDIACIONES DEL LABERINTO DE ESPEJOS - ATARDECER 8,223 INT. INMEDIACIONES DEL LABERINTO DE ESPEJOS - ATARDECER
23637,LIRIA,They look like... instructions?,23638,CONVERSATION,INT. INMEDIACIONES DEL LABERINTO DE ESPEJOS - ATARDECER 9,223 INT. INMEDIACIONES DEL LABERINTO DE ESPEJOS - ATARDECER
23638,LIRIA,What could they mean?,23639,CONVERSATION,INT. INMEDIACIONES DEL LABERINTO DE ESPEJOS - ATARDECER 10,223 INT. INMEDIACIONES DEL LABERINTO DE ESPEJOS - ATARDECER
23639,SOREN,"""Tame your roars, look within, and only then, embrace the void""",23640,CONVERSATION,INT. INMEDIACIONES DEL LABERINTO DE ESPEJOS - ATARDECER 11,223 INT. INMEDIACIONES DEL LABERINTO DE ESPEJOS - ATARDECER
23640,SOREN,It's what my master used to tell me every time we meditated together.,23641,CONVERSATION,INT. INMEDIACIONES DEL LABERINTO DE ESPEJOS - ATARDECER 12,223 INT. INMEDIACIONES DEL LABERINTO DE ESPEJOS - ATARDECER
23641,LIRIA,"Oh! That makes a lot of sense, Soren!",23642,CONVERSATION,INT. INMEDIACIONES DEL LABERINTO DE ESPEJOS - ATARDECER 13,223 INT. INMEDIACIONES DEL LABERINTO DE ESPEJOS - ATARDECER
23642,LIRIA,So they're steps to follow... Steps used during meditation.,23643,CONVERSATION,INT. INMEDIACIONES DEL LABERINTO DE ESPEJOS - ATARDECER 14,223 INT. INMEDIACIONES DEL LABERINTO DE ESPEJOS - ATARDECER
23643,LIRIA,Then... what are they doing here?,23644,CONVERSATION,INT. INMEDIACIONES DEL LABERINTO DE ESPEJOS - ATARDECER 15,223 INT. INMEDIACIONES DEL LABERINTO DE ESPEJOS - ATARDECER
23644,LIRIA,Why would someone leave this message here?,23645,CONVERSATION,INT. INMEDIACIONES DEL LABERINTO DE ESPEJOS - ATARDECER 16,223 INT. INMEDIACIONES DEL LABERINTO DE ESPEJOS - ATARDECER
23645,LIRIA,They must hold some hidden meaning...,23646,CONVERSATION,INT. INMEDIACIONES DEL LABERINTO DE ESPEJOS - ATARDECER 17,223 INT. INMEDIACIONES DEL LABERINTO DE ESPEJOS - ATARDECER
23646,LIRIA,"We're overlooking something, @NAME.",23647,CONVERSATION,INT. INMEDIACIONES DEL LABERINTO DE ESPEJOS - ATARDECER 18,223 INT. INMEDIACIONES DEL LABERINTO DE ESPEJOS - ATARDECER
23647,LIRIA,Let's get moving as soon as possible... And let's come back to study these inscriptions as many times as needed.,23648,CONVERSATION,INT. INMEDIACIONES DEL LABERINTO DE ESPEJOS - ATARDECER 19,223 INT. INMEDIACIONES DEL LABERINTO DE ESPEJOS - ATARDECER
23648,LIRIA,I think they might come in handy when the time comes.,,END,INT. INMEDIACIONES DEL LABERINTO DE ESPEJOS - ATARDECER 20,223 INT. INMEDIACIONES DEL LABERINTO DE ESPEJOS - ATARDECER
24731,LIRIA,Hey... pay attention...,24732,CONVERSATION,INT. RESONADOR DEL EXCESO - ATARDECER 1,224 INT. RESONADOR DEL EXCESO - ATARDECER
24732,LIRIA,Don't you feel a... presence?,24735,CONVERSATION,INT. RESONADOR DEL EXCESO - ATARDECER 2,224 INT. RESONADOR DEL EXCESO - ATARDECER
24733,LIRIA,"@NAME, pay attention...",24734,CONVERSATION,INT. RESONADOR DEL EXCESO - ATARDECER 3,224 INT. RESONADOR DEL EXCESO - ATARDECER
24734,LIRIA,Don't you feel a... presence?,24735,CONVERSATION,INT. RESONADOR DEL EXCESO - ATARDECER 4,224 INT. RESONADOR DEL EXCESO - ATARDECER
24735,LIRIA,Uhm...,24736,CONVERSATION,INT. RESONADOR DEL EXCESO - ATARDECER 5,224 INT. RESONADOR DEL EXCESO - ATARDECER
24736,LIRIA,I detect an... anomaly.,24737,CONVERSATION,INT. RESONADOR DEL EXCESO - ATARDECER 6,224 INT. RESONADOR DEL EXCESO - ATARDECER
24737,LIRIA,I think something dark is hiding in this forest.,24738,CONVERSATION,INT. RESONADOR DEL EXCESO - ATARDECER 7,224 INT. RESONADOR DEL EXCESO - ATARDECER
24738,LIRIA,Let me take a look arou...,24739,CONVERSATION,INT. RESONADOR DEL EXCESO - ATARDECER 8,224 INT. RESONADOR DEL EXCESO - ATARDECER
24739,LIRIA,Hey!,24740,CONVERSATION,INT. RESONADOR DEL EXCESO - ATARDECER 9,224 INT. RESONADOR DEL EXCESO - ATARDECER
24740,LIRIA,Look over there!,24742,CONVERSATION,INT. RESONADOR DEL EXCESO - ATARDECER 10,224 INT. RESONADOR DEL EXCESO - ATARDECER
24741,LIRIA,Look over there!,24742,CONVERSATION,INT. RESONADOR DEL EXCESO - ATARDECER 11,224 INT. RESONADOR DEL EXCESO - ATARDECER
24742,LIRIA,It's... a resonator!,24743,CONVERSATION,INT. RESONADOR DEL EXCESO - ATARDECER 12,224 INT. RESONADOR DEL EXCESO - ATARDECER
24743,LIRIA,"I don't know what it's doing here, but... I don't think it's doing anyone any good.",24744,CONVERSATION,INT. RESONADOR DEL EXCESO - ATARDECER 13,224 INT. RESONADOR DEL EXCESO - ATARDECER
24744,LIRIA,Let's finish it!,,END,INT. RESONADOR DEL EXCESO - ATARDECER 14,224 INT. RESONADOR DEL EXCESO - ATARDECER
25827,LIRIA,Team... Look at that!,25828,CONVERSATION,INT. RESONADOR DEL REFLEJO - ATARDECER 1,225 INT. RESONADOR DEL REFLEJO - ATARDECER
25828,LIRIA,@NAME... Look at that!,25829,CONVERSATION,INT. RESONADOR DEL REFLEJO - ATARDECER 2,225 INT. RESONADOR DEL REFLEJO - ATARDECER
25829,LIRIA,There's something moving between those stones...,25830,CONVERSATION,INT. RESONADOR DEL REFLEJO - ATARDECER 3,225 INT. RESONADOR DEL REFLEJO - ATARDECER
25830,LIRIA,And... it's letting out a really unpleasant screech.,25831,CONVERSATION,INT. RESONADOR DEL REFLEJO - ATARDECER 4,225 INT. RESONADOR DEL REFLEJO - ATARDECER
25831,LIRIA,I feel like something is moving inside my head...,25832,CONVERSATION,INT. RESONADOR DEL REFLEJO - ATARDECER 5,225 INT. RESONADOR DEL REFLEJO - ATARDECER
25832,LIRIA,"It could be... one of those resonators, like the ones we saw in the village?",25833,CONVERSATION,INT. RESONADOR DEL REFLEJO - ATARDECER 6,225 INT. RESONADOR DEL REFLEJO - ATARDECER
25833,LIRIA,It could be... a resonator?,25834,CONVERSATION,INT. RESONADOR DEL REFLEJO - ATARDECER 7,225 INT. RESONADOR DEL REFLEJO - ATARDECER
25834,LIRIA,Systems that emit a frequency that cancels out critical thinking.,25835,CONVERSATION,INT. RESONADOR DEL REFLEJO - ATARDECER 8,225 INT. RESONADOR DEL REFLEJO - ATARDECER
25835,LIRIA,The closer we get... the more I'm afraid that's exactly what it is.,25836,CONVERSATION,INT. RESONADOR DEL REFLEJO - ATARDECER 9,225 INT. RESONADOR DEL REFLEJO - ATARDECER
25836,LIRIA,I can't stand this feeling for one more second...,25837,CONVERSATION,INT. RESONADOR DEL REFLEJO - ATARDECER 10,225 INT. RESONADOR DEL REFLEJO - ATARDECER
25837,LIRIA,We have to destroy it!,25838,CONVERSATION,INT. RESONADOR DEL REFLEJO - ATARDECER 11,225 INT. RESONADOR DEL REFLEJO - ATARDECER
25838,LIRIA,Get it!,,END,INT. RESONADOR DEL REFLEJO - ATARDECER 12,225 INT. RESONADOR DEL REFLEJO - ATARDECER
25839,LIRIA,What?,25840,CONVERSATION,INT. RESONADOR DEL REFLEJO - ATARDECER 1,225 INT. RESONADOR DEL REFLEJO - ATARDECER
25840,LIRIA,Has it... recovered?,25841,CONVERSATION,INT. RESONADOR DEL REFLEJO - ATARDECER 2,225 INT. RESONADOR DEL REFLEJO - ATARDECER
25841,LIRIA,"Uh... This is very, very strange, @NAME.",25842,CONVERSATION,INT. RESONADOR DEL REFLEJO - ATARDECER 3,225 INT. RESONADOR DEL REFLEJO - ATARDECER
25842,LIRIA,I think that... something isn't right.,25843,CONVERSATION,INT. RESONADOR DEL REFLEJO - ATARDECER 4,225 INT. RESONADOR DEL REFLEJO - ATARDECER
25843,LIRIA,There's something that's allowing it to regain its energy...,25844,CONVERSATION,INT. RESONADOR DEL REFLEJO - ATARDECER 5,225 INT. RESONADOR DEL REFLEJO - ATARDECER
25844,LIRIA,We can keep attacking it with everything we've got...,25845,CONVERSATION,INT. RESONADOR DEL REFLEJO - ATARDECER 6,225 INT. RESONADOR DEL REFLEJO - ATARDECER
25845,LIRIA,But maybe we have to find its energy source before we can finish it off.,,END,INT. RESONADOR DEL REFLEJO - ATARDECER 7,225 INT. RESONADOR DEL REFLEJO - ATARDECER
26928,LIRIA,Ugh...,26929,CONVERSATION,INT. RESONADOR DEL REFLEJO [SEGUNDA VEZ] - ATARDECER 1,225.2 INT. RESONADOR DEL REFLEJO [SEGUNDA VEZ] - ATARDECER
26929,LIRIA,These things... They seem indestructible...,26930,CONVERSATION,INT. RESONADOR DEL REFLEJO [SEGUNDA VEZ] - ATARDECER 2,225.2 INT. RESONADOR DEL REFLEJO [SEGUNDA VEZ] - ATARDECER
26930,LIRIA,...And they're starting to overwhelm me.,26931,CONVERSATION,INT. RESONADOR DEL REFLEJO [SEGUNDA VEZ] - ATARDECER 3,225.2 INT. RESONADOR DEL REFLEJO [SEGUNDA VEZ] - ATARDECER
26931,LIRIA,But there has to be a way to turn the tables.,26932,CONVERSATION,INT. RESONADOR DEL REFLEJO [SEGUNDA VEZ] - ATARDECER 4,225.2 INT. RESONADOR DEL REFLEJO [SEGUNDA VEZ] - ATARDECER
26932,LIRIA,Let's find it!,26933,CONVERSATION,INT. RESONADOR DEL REFLEJO [SEGUNDA VEZ] - ATARDECER 5,225.2 INT. RESONADOR DEL REFLEJO [SEGUNDA VEZ] - ATARDECER
26933,LIRIA,Okay... I think we're on the right track.,26934,CONVERSATION,INT. RESONADOR DEL REFLEJO [SEGUNDA VEZ] - ATARDECER 6,225.2 INT. RESONADOR DEL REFLEJO [SEGUNDA VEZ] - ATARDECER
26934,LIRIA,For some reason...,26935,CONVERSATION,INT. RESONADOR DEL REFLEJO [SEGUNDA VEZ] - ATARDECER 7,225.2 INT. RESONADOR DEL REFLEJO [SEGUNDA VEZ] - ATARDECER
26935,LIRIA,The resonator seems weaker than before.,26936,CONVERSATION,INT. RESONADOR DEL REFLEJO [SEGUNDA VEZ] - ATARDECER 8,225.2 INT. RESONADOR DEL REFLEJO [SEGUNDA VEZ] - ATARDECER
26936,LIRIA,"Come on, let's go!",26937,CONVERSATION,INT. RESONADOR DEL REFLEJO [SEGUNDA VEZ] - ATARDECER 9,225.2 INT. RESONADOR DEL REFLEJO [SEGUNDA VEZ] - ATARDECER
26937,LIRIA,This is our chance!,,END,INT. RESONADOR DEL REFLEJO [SEGUNDA VEZ] - ATARDECER 10,225.2 INT. RESONADOR DEL REFLEJO [SEGUNDA VEZ] - ATARDECER
26938,LIRIA,"Oh, oh, oh...",26939,CONVERSATION,INT. RESONADOR DEL ABISMO - ATARDECER 1,226 INT. RESONADOR DEL ABISMO - ATARDECER
26939,LIRIA,Is it really strictly necessary that you get so close to the edge of this cliff?,26940,CONVERSATION,INT. RESONADOR DEL ABISMO - ATARDECER 2,226 INT. RESONADOR DEL ABISMO - ATARDECER
26940,LIRIA,Is it really strictly necessary that you get so close to the edge of this cliff?,26941,CONVERSATION,INT. RESONADOR DEL ABISMO - ATARDECER 3,226 INT. RESONADOR DEL ABISMO - ATARDECER
26941,LIRIA,I'm starting to feel a little dizzy...,26942,CONVERSATION,INT. RESONADOR DEL ABISMO - ATARDECER 4,226 INT. RESONADOR DEL ABISMO - ATARDECER
26942,LIRIA,"I'm starting to feel a little dizzy, just from seeing you all...",26943,CONVERSATION,INT. RESONADOR DEL ABISMO - ATARDECER 5,226 INT. RESONADOR DEL ABISMO - ATARDECER
26943,LIRIA,"I'm starting to feel a little dizzy, just from seeing you...",26944,CONVERSATION,INT. RESONADOR DEL ABISMO - ATARDECER 6,226 INT. RESONADOR DEL ABISMO - ATARDECER
26944,LIRIA,Good thing I float.,26945,CONVERSATION,INT. RESONADOR DEL ABISMO - ATARDECER 7,226 INT. RESONADOR DEL ABISMO - ATARDECER
26945,LIRIA,...,26946,CONVERSATION,INT. RESONADOR DEL ABISMO - ATARDECER 8,226 INT. RESONADOR DEL ABISMO - ATARDECER
26946,LIRIA,Huh?,26947,CONVERSATION,INT. RESONADOR DEL ABISMO - ATARDECER 9,226 INT. RESONADOR DEL ABISMO - ATARDECER
26947,LIRIA,Wait... I don't think it's vertigo I'm feeling.,26948,CONVERSATION,INT. RESONADOR DEL ABISMO - ATARDECER 10,226 INT. RESONADOR DEL ABISMO - ATARDECER
26948,LIRIA,That darn noise... Do you hear it?,26949,CONVERSATION,INT. RESONADOR DEL ABISMO - ATARDECER 11,226 INT. RESONADOR DEL ABISMO - ATARDECER
26949,LIRIA,It feels... familiar...,26950,CONVERSATION,INT. RESONADOR DEL ABISMO - ATARDECER 12,226 INT. RESONADOR DEL ABISMO - ATARDECER
26950,LIRIA,What...?!,26951,CONVERSATION,INT. RESONADOR DEL ABISMO - ATARDECER 13,226 INT. RESONADOR DEL ABISMO - ATARDECER
26951,LIRIA,It's a resonator!,26952,CONVERSATION,INT. RESONADOR DEL ABISMO - ATARDECER 14,226 INT. RESONADOR DEL ABISMO - ATARDECER
26952,LIRIA,Follow the sound...,26953,CONVERSATION,INT. RESONADOR DEL ABISMO - ATARDECER 15,226 INT. RESONADOR DEL ABISMO - ATARDECER
26953,LIRIA,"Look! It's right there, on the edge of the abyss!",26954,CONVERSATION,INT. RESONADOR DEL ABISMO - ATARDECER 16,226 INT. RESONADOR DEL ABISMO - ATARDECER
26954,LIRIA,Let's silence it while we can!,26955,CONVERSATION,INT. RESONADOR DEL ABISMO - ATARDECER 17,226 INT. RESONADOR DEL ABISMO - ATARDECER
26955,LIRIA,What?,26956,CONVERSATION,INT. RESONADOR DEL ABISMO - ATARDECER 18,226 INT. RESONADOR DEL ABISMO - ATARDECER
26956,LIRIA,Did it... recover?,26957,CONVERSATION,INT. RESONADOR DEL ABISMO - ATARDECER 19,226 INT. RESONADOR DEL ABISMO - ATARDECER
26957,LIRIA,"Uh... This is very, very strange, @NAME.",26958,CONVERSATION,INT. RESONADOR DEL ABISMO - ATARDECER 20,226 INT. RESONADOR DEL ABISMO - ATARDECER
26958,LIRIA,I think... something isn't right.,26959,CONVERSATION,INT. RESONADOR DEL ABISMO - ATARDECER 21,226 INT. RESONADOR DEL ABISMO - ATARDECER
26959,LIRIA,There's something allowing it to regain its energy...,26960,CONVERSATION,INT. RESONADOR DEL ABISMO - ATARDECER 22,226 INT. RESONADOR DEL ABISMO - ATARDECER
26960,LIRIA,We can keep attacking it with everything we've got...,26961,CONVERSATION,INT. RESONADOR DEL ABISMO - ATARDECER 23,226 INT. RESONADOR DEL ABISMO - ATARDECER
26961,LIRIA,But maybe we need to find its source of energy before we can finish it off.,,END,INT. RESONADOR DEL ABISMO - ATARDECER 24,226 INT. RESONADOR DEL ABISMO - ATARDECER
28044,LIRIA,Ugh...,28045,CONVERSATION,INT. RESONADOR DEL ABISMO [SEGUNDA VEZ] - ATARDECER 1,226 INT. RESONADOR DEL ABISMO [SEGUNDA VEZ] - ATARDECER
28045,LIRIA,These things... They seem indestructible...,28046,CONVERSATION,INT. RESONADOR DEL ABISMO [SEGUNDA VEZ] - ATARDECER 2,226 INT. RESONADOR DEL ABISMO [SEGUNDA VEZ] - ATARDECER
28046,LIRIA,... And they're starting to get the better of me.,28047,CONVERSATION,INT. RESONADOR DEL ABISMO [SEGUNDA VEZ] - ATARDECER 3,226 INT. RESONADOR DEL ABISMO [SEGUNDA VEZ] - ATARDECER
28047,LIRIA,But there has to be a way to turn the tables.,28048,CONVERSATION,INT. RESONADOR DEL ABISMO [SEGUNDA VEZ] - ATARDECER 4,226 INT. RESONADOR DEL ABISMO [SEGUNDA VEZ] - ATARDECER
28048,LIRIA,Let's find it!,,END,INT. RESONADOR DEL ABISMO [SEGUNDA VEZ] - ATARDECER 5,226 INT. RESONADOR DEL ABISMO [SEGUNDA VEZ] - ATARDECER
28049,LIRIA,Okay... I think this is the last one.,28050,CONVERSATION,INT. RESONADOR DEL ABISMO [SEGUNDA VEZ] - ATARDECER 6,226 INT. RESONADOR DEL ABISMO [SEGUNDA VEZ] - ATARDECER
28050,LIRIA,And now...,28051,CONVERSATION,INT. RESONADOR DEL ABISMO [SEGUNDA VEZ] - ATARDECER 7,226 INT. RESONADOR DEL ABISMO [SEGUNDA VEZ] - ATARDECER
28051,LIRIA,It seems more... vulnerable than before.,28052,CONVERSATION,INT. RESONADOR DEL ABISMO [SEGUNDA VEZ] - ATARDECER 8,226 INT. RESONADOR DEL ABISMO [SEGUNDA VEZ] - ATARDECER
28052,LIRIA,It's almost done!,28053,CONVERSATION,INT. RESONADOR DEL ABISMO [SEGUNDA VEZ] - ATARDECER 9,226 INT. RESONADOR DEL ABISMO [SEGUNDA VEZ] - ATARDECER
28053,LIRIA,Let's destroy it!,,END,INT. RESONADOR DEL ABISMO [SEGUNDA VEZ] - ATARDECER 10,226 INT. RESONADOR DEL ABISMO [SEGUNDA VEZ] - ATARDECER
28054,LIRIA,...,28055,CONVERSATION,INT. VESTÍBULO DE LOS MIL OJOS (LABERINTO DE ESPEJOS) - ??? 1,227 INT. VESTÍBULO DE LOS MIL OJOS (LABERINTO DE ESPEJOS) - ???
28055,LIRIA,Um...,28056,CONVERSATION,INT. VESTÍBULO DE LOS MIL OJOS (LABERINTO DE ESPEJOS) - ??? 2,227 INT. VESTÍBULO DE LOS MIL OJOS (LABERINTO DE ESPEJOS) - ???
28056,LIRIA,Hello...?,28057,CONVERSATION,INT. VESTÍBULO DE LOS MIL OJOS (LABERINTO DE ESPEJOS) - ??? 3,227 INT. VESTÍBULO DE LOS MIL OJOS (LABERINTO DE ESPEJOS) - ???
28057,LIRIA,Okay... I can see something.,28058,CONVERSATION,INT. VESTÍBULO DE LOS MIL OJOS (LABERINTO DE ESPEJOS) - ??? 4,227 INT. VESTÍBULO DE LOS MIL OJOS (LABERINTO DE ESPEJOS) - ???
28058,LIRIA,Did it... work?,28059,CONVERSATION,INT. VESTÍBULO DE LOS MIL OJOS (LABERINTO DE ESPEJOS) - ??? 5,227 INT. VESTÍBULO DE LOS MIL OJOS (LABERINTO DE ESPEJOS) - ???
28059,LIRIA,"I know I shouldn't be asking these questions as a spirit guide, but...",28060,CONVERSATION,INT. VESTÍBULO DE LOS MIL OJOS (LABERINTO DE ESPEJOS) - ??? 6,227 INT. VESTÍBULO DE LOS MIL OJOS (LABERINTO DE ESPEJOS) - ???
28060,LIRIA,Where are we supposed to be?,28061,CONVERSATION,INT. VESTÍBULO DE LOS MIL OJOS (LABERINTO DE ESPEJOS) - ??? 7,227 INT. VESTÍBULO DE LOS MIL OJOS (LABERINTO DE ESPEJOS) - ???
28061,LIRIA,Could we have been... swallowed by the portal?,28062,CONVERSATION,INT. VESTÍBULO DE LOS MIL OJOS (LABERINTO DE ESPEJOS) - ??? 8,227 INT. VESTÍBULO DE LOS MIL OJOS (LABERINTO DE ESPEJOS) - ???
28062,LIRIA,Welleeeell... Either way...,,END,INT. VESTÍBULO DE LOS MIL OJOS (LABERINTO DE ESPEJOS) - ??? 9,227 INT. VESTÍBULO DE LOS MIL OJOS (LABERINTO DE ESPEJOS) - ???
28063,LIRIA,...,28064,CONVERSATION,INT. VESTÍBULO DE LOS MIL OJOS (LABERINTO DE ESPEJOS) - ??? 10,227 INT. VESTÍBULO DE LOS MIL OJOS (LABERINTO DE ESPEJOS) - ???
28064,LIRIA,... Heeeeeeey!,28065,CONVERSATION,INT. VESTÍBULO DE LOS MIL OJOS (LABERINTO DE ESPEJOS) - ??? 11,227 INT. VESTÍBULO DE LOS MIL OJOS (LABERINTO DE ESPEJOS) - ???
28065,LIRIA,Okay... I can see something!,28066,CONVERSATION,INT. VESTÍBULO DE LOS MIL OJOS (LABERINTO DE ESPEJOS) - ??? 12,227 INT. VESTÍBULO DE LOS MIL OJOS (LABERINTO DE ESPEJOS) - ???
28066,LIRIA,Everything okay?,28067,CONVERSATION,INT. VESTÍBULO DE LOS MIL OJOS (LABERINTO DE ESPEJOS) - ??? 13,227 INT. VESTÍBULO DE LOS MIL OJOS (LABERINTO DE ESPEJOS) - ???
28067,LIRIA,It seems... It seems it worked.,28068,CONVERSATION,INT. VESTÍBULO DE LOS MIL OJOS (LABERINTO DE ESPEJOS) - ??? 14,227 INT. VESTÍBULO DE LOS MIL OJOS (LABERINTO DE ESPEJOS) - ???
28068,LIRIA,We're inside.,,END,INT. VESTÍBULO DE LOS MIL OJOS (LABERINTO DE ESPEJOS) - ??? 15,227 INT. VESTÍBULO DE LOS MIL OJOS (LABERINTO DE ESPEJOS) - ???
29151,LIRIA,... You're getting... some color back...,29152,CONVERSATION,INT. SALA DE LAS DISTORSIONES (LABERINTO DE ESPEJOS) - ??? 1,228 INT. SALA DE LAS DISTORSIONES (LABERINTO DE ESPEJOS) - ???
29152,LIRIA,Uhm...,29153,CONVERSATION,INT. SALA DE LAS DISTORSIONES (LABERINTO DE ESPEJOS) - ??? 2,228 INT. SALA DE LAS DISTORSIONES (LABERINTO DE ESPEJOS) - ???
29153,LIRIA,... I don't see the merchants... And there's nobody in the square...,29154,CONVERSATION,INT. SALA DE LAS DISTORSIONES (LABERINTO DE ESPEJOS) - ??? 3,228 INT. SALA DE LAS DISTORSIONES (LABERINTO DE ESPEJOS) - ???
29154,LIRIA,This place...,29155,CONVERSATION,INT. SALA DE LAS DISTORSIONES (LABERINTO DE ESPEJOS) - ??? 4,228 INT. SALA DE LAS DISTORSIONES (LABERINTO DE ESPEJOS) - ???
29155,LIRIA,It feels like a dimension different from ours...,29156,CONVERSATION,INT. SALA DE LAS DISTORSIONES (LABERINTO DE ESPEJOS) - ??? 5,228 INT. SALA DE LAS DISTORSIONES (LABERINTO DE ESPEJOS) - ???
29156,LIRIA,"Even though there are no crystals, I can feel echoes of our adventures in the distance.",29157,CONVERSATION,INT. SALA DE LAS DISTORSIONES (LABERINTO DE ESPEJOS) - ??? 6,228 INT. SALA DE LAS DISTORSIONES (LABERINTO DE ESPEJOS) - ???
29157,REY HOLDRIC,... And now you too can contribute your art to my work...,29158,CONVERSATION,INT. SALA DE LAS DISTORSIONES (LABERINTO DE ESPEJOS) - ??? 7,228 INT. SALA DE LAS DISTORSIONES (LABERINTO DE ESPEJOS) - ???
29158,LIRIA,"The beach, the city, the village...",29159,CONVERSATION,INT. SALA DE LAS DISTORSIONES (LABERINTO DE ESPEJOS) - ??? 8,228 INT. SALA DE LAS DISTORSIONES (LABERINTO DE ESPEJOS) - ???
29159,SOREN,... Go away...! ... Out of my refuge...!,29160,CONVERSATION,INT. SALA DE LAS DISTORSIONES (LABERINTO DE ESPEJOS) - ??? 9,228 INT. SALA DE LAS DISTORSIONES (LABERINTO DE ESPEJOS) - ???
29160,LIRIA,I feel as if we were returning to them.,29161,CONVERSATION,INT. SALA DE LAS DISTORSIONES (LABERINTO DE ESPEJOS) - ??? 10,228 INT. SALA DE LAS DISTORSIONES (LABERINTO DE ESPEJOS) - ???
29161,LIRIA,"However... visually, this place has little in common.",29162,CONVERSATION,INT. SALA DE LAS DISTORSIONES (LABERINTO DE ESPEJOS) - ??? 11,228 INT. SALA DE LAS DISTORSIONES (LABERINTO DE ESPEJOS) - ???
29162,LIRIA,"And, in fact... I can barely make out clearly shapes that are just a few meters from me.",29163,CONVERSATION,INT. SALA DE LAS DISTORSIONES (LABERINTO DE ESPEJOS) - ??? 12,228 INT. SALA DE LAS DISTORSIONES (LABERINTO DE ESPEJOS) - ???
29163,LIRIA,...,29164,CONVERSATION,INT. SALA DE LAS DISTORSIONES (LABERINTO DE ESPEJOS) - ??? 13,228 INT. SALA DE LAS DISTORSIONES (LABERINTO DE ESPEJOS) - ???
29164,LIRIA,I feel as if we've stepped into a giant kaleidoscope.,29165,CONVERSATION,INT. SALA DE LAS DISTORSIONES (LABERINTO DE ESPEJOS) - ??? 14,228 INT. SALA DE LAS DISTORSIONES (LABERINTO DE ESPEJOS) - ???
29165,LIRIA,"I feel like we're being watched, specifically by...",29166,CONVERSATION,INT. SALA DE LAS DISTORSIONES (LABERINTO DE ESPEJOS) - ??? 15,228 INT. SALA DE LAS DISTORSIONES (LABERINTO DE ESPEJOS) - ???
29166,LIRIA,Ourselves?,29167,CONVERSATION,INT. SALA DE LAS DISTORSIONES (LABERINTO DE ESPEJOS) - ??? 16,228 INT. SALA DE LAS DISTORSIONES (LABERINTO DE ESPEJOS) - ???
29167,SOREN,This light...,29168,CONVERSATION,INT. SALA DE LAS DISTORSIONES (LABERINTO DE ESPEJOS) - ??? 17,228 INT. SALA DE LAS DISTORSIONES (LABERINTO DE ESPEJOS) - ???
29168,SOREN,"It has no source, and yet... it bounces in infinite directions...",29169,CONVERSATION,INT. SALA DE LAS DISTORSIONES (LABERINTO DE ESPEJOS) - ??? 18,228 INT. SALA DE LAS DISTORSIONES (LABERINTO DE ESPEJOS) - ???
29169,SOREN,All these trajectories...,29170,CONVERSATION,INT. SALA DE LAS DISTORSIONES (LABERINTO DE ESPEJOS) - ??? 19,228 INT. SALA DE LAS DISTORSIONES (LABERINTO DE ESPEJOS) - ???
29170,SOREN,Agh!,29171,CONVERSATION,INT. SALA DE LAS DISTORSIONES (LABERINTO DE ESPEJOS) - ??? 20,228 INT. SALA DE LAS DISTORSIONES (LABERINTO DE ESPEJOS) - ???
29171,SOREN,No... I can't process all these directions at once!,29172,CONVERSATION,INT. SALA DE LAS DISTORSIONES (LABERINTO DE ESPEJOS) - ??? 21,228 INT. SALA DE LAS DISTORSIONES (LABERINTO DE ESPEJOS) - ???
29172,LIRIA,"Easy, Soren!",29173,CONVERSATION,INT. SALA DE LAS DISTORSIONES (LABERINTO DE ESPEJOS) - ??? 22,228 INT. SALA DE LAS DISTORSIONES (LABERINTO DE ESPEJOS) - ???
29173,LIRIA,All of this... is noise!,29174,CONVERSATION,INT. SALA DE LAS DISTORSIONES (LABERINTO DE ESPEJOS) - ??? 23,228 INT. SALA DE LAS DISTORSIONES (LABERINTO DE ESPEJOS) - ???
29174,LIRIA,Don't try to process it!,29175,CONVERSATION,INT. SALA DE LAS DISTORSIONES (LABERINTO DE ESPEJOS) - ??? 24,228 INT. SALA DE LAS DISTORSIONES (LABERINTO DE ESPEJOS) - ???
29175,LIRIA,"And that applies to you too, @NAME.",29176,CONVERSATION,INT. SALA DE LAS DISTORSIONES (LABERINTO DE ESPEJOS) - ??? 25,228 INT. SALA DE LAS DISTORSIONES (LABERINTO DE ESPEJOS) - ???
29176,LIRIA,I don't think the laws work the same in here as they do outside.,29177,CONVERSATION,INT. SALA DE LAS DISTORSIONES (LABERINTO DE ESPEJOS) - ??? 26,228 INT. SALA DE LAS DISTORSIONES (LABERINTO DE ESPEJOS) - ???
29177,LIRIA,And I don't think our senses are equally reliable.,29178,CONVERSATION,INT. SALA DE LAS DISTORSIONES (LABERINTO DE ESPEJOS) - ??? 27,228 INT. SALA DE LAS DISTORSIONES (LABERINTO DE ESPEJOS) - ???
29178,LIRIA,Let's think very carefully about how we take our next steps.,,END,INT. SALA DE LAS DISTORSIONES (LABERINTO DE ESPEJOS) - ??? 28,228 INT. SALA DE LAS DISTORSIONES (LABERINTO DE ESPEJOS) - ???
30261,LIRIA,"Hey, @NAME!",30262,CONVERSATION,INT. PASILLO DE LA VANIDAD (LABERINTO DE ESPEJOS) - ??? 1,229 INT. PASILLO DE LA VANIDAD (LABERINTO DE ESPEJOS) - ???
30262,LIRIA,Follow me.,30263,CONVERSATION,INT. PASILLO DE LA VANIDAD (LABERINTO DE ESPEJOS) - ??? 2,229 INT. PASILLO DE LA VANIDAD (LABERINTO DE ESPEJOS) - ???
30263,LIRIA,"I know it's tempting, but...",30264,CONVERSATION,INT. PASILLO DE LA VANIDAD (LABERINTO DE ESPEJOS) - ??? 3,229 INT. PASILLO DE LA VANIDAD (LABERINTO DE ESPEJOS) - ???
30264,LIRIA,Focus on me and don't look to the sides.,30265,CONVERSATION,INT. PASILLO DE LA VANIDAD (LABERINTO DE ESPEJOS) - ??? 4,229 INT. PASILLO DE LA VANIDAD (LABERINTO DE ESPEJOS) - ???
30265,LIRIA,All these echoes...,30266,CONVERSATION,INT. PASILLO DE LA VANIDAD (LABERINTO DE ESPEJOS) - ??? 5,229 INT. PASILLO DE LA VANIDAD (LABERINTO DE ESPEJOS) - ???
30266,LIRIA,"They don't show what we are, but what we'd wish we'd been, or worse...",30267,CONVERSATION,INT. PASILLO DE LA VANIDAD (LABERINTO DE ESPEJOS) - ??? 6,229 INT. PASILLO DE LA VANIDAD (LABERINTO DE ESPEJOS) - ???
30267,LIRIA,What it hurts us to have been.,30268,CONVERSATION,INT. PASILLO DE LA VANIDAD (LABERINTO DE ESPEJOS) - ??? 7,229 INT. PASILLO DE LA VANIDAD (LABERINTO DE ESPEJOS) - ???
30268,LIRIA,Holding your gaze on one of them for more than a few seconds could plunge us into an eternal loop.,30269,CONVERSATION,INT. PASILLO DE LA VANIDAD (LABERINTO DE ESPEJOS) - ??? 8,229 INT. PASILLO DE LA VANIDAD (LABERINTO DE ESPEJOS) - ???
30269,LIRIA,...,30270,CONVERSATION,INT. PASILLO DE LA VANIDAD (LABERINTO DE ESPEJOS) - ??? 9,229 INT. PASILLO DE LA VANIDAD (LABERINTO DE ESPEJOS) - ???
30270,LIRIA,I suppose the past can anchor us sometimes...,30271,CONVERSATION,INT. PASILLO DE LA VANIDAD (LABERINTO DE ESPEJOS) - ??? 10,229 INT. PASILLO DE LA VANIDAD (LABERINTO DE ESPEJOS) - ???
30271,LIRIA,...But we won't manage to reach the end of this labyrinth while we carry such a heavy slab.,30272,CONVERSATION,INT. PASILLO DE LA VANIDAD (LABERINTO DE ESPEJOS) - ??? 11,229 INT. PASILLO DE LA VANIDAD (LABERINTO DE ESPEJOS) - ???
30272,LIRIA,We must rebel.,30273,CONVERSATION,INT. PASILLO DE LA VANIDAD (LABERINTO DE ESPEJOS) - ??? 12,229 INT. PASILLO DE LA VANIDAD (LABERINTO DE ESPEJOS) - ???
30273,LIRIA,"Rebel against our own desires, our own compulsions...",30274,CONVERSATION,INT. PASILLO DE LA VANIDAD (LABERINTO DE ESPEJOS) - ??? 13,229 INT. PASILLO DE LA VANIDAD (LABERINTO DE ESPEJOS) - ???
30274,LIRIA,Remember which side of the mirror we look from.,30275,CONVERSATION,INT. PASILLO DE LA VANIDAD (LABERINTO DE ESPEJOS) - ??? 14,229 INT. PASILLO DE LA VANIDAD (LABERINTO DE ESPEJOS) - ???
30275,LIRIA,And defend that side as the only one that truly exists in our reality.,30276,CONVERSATION,INT. PASILLO DE LA VANIDAD (LABERINTO DE ESPEJOS) - ??? 15,229 INT. PASILLO DE LA VANIDAD (LABERINTO DE ESPEJOS) - ???
30276,LIRIA,We have to choose it over any fiction. Even if it hurts sometimes.,30277,CONVERSATION,INT. PASILLO DE LA VANIDAD (LABERINTO DE ESPEJOS) - ??? 16,229 INT. PASILLO DE LA VANIDAD (LABERINTO DE ESPEJOS) - ???
30277,LIRIA,Because if we don't...,30278,CONVERSATION,INT. PASILLO DE LA VANIDAD (LABERINTO DE ESPEJOS) - ??? 17,229 INT. PASILLO DE LA VANIDAD (LABERINTO DE ESPEJOS) - ???
30278,LIRIA,I very much doubt we'll manage to escape from here.,,END,INT. PASILLO DE LA VANIDAD (LABERINTO DE ESPEJOS) - ??? 18,229 INT. PASILLO DE LA VANIDAD (LABERINTO DE ESPEJOS) - ???
31361,LIRIA,Huh?,31362,CONVERSATION,INT. ENCRUCIJADA INFINITA (LABERINTO DE ESPEJOS) - ??? 1,230 INT. ENCRUCIJADA INFINITA (LABERINTO DE ESPEJOS) - ???
31362,LIRIA,Wait a moment...,31363,CONVERSATION,INT. ENCRUCIJADA INFINITA (LABERINTO DE ESPEJOS) - ??? 2,230 INT. ENCRUCIJADA INFINITA (LABERINTO DE ESPEJOS) - ???
31363,LIRIA,Do you hear it?,31364,CONVERSATION,INT. ENCRUCIJADA INFINITA (LABERINTO DE ESPEJOS) - ??? 3,230 INT. ENCRUCIJADA INFINITA (LABERINTO DE ESPEJOS) - ???
31364,LIRIA,That... static.,31365,CONVERSATION,INT. ENCRUCIJADA INFINITA (LABERINTO DE ESPEJOS) - ??? 4,230 INT. ENCRUCIJADA INFINITA (LABERINTO DE ESPEJOS) - ???
31365,LIRIA,I have no doubt...,31366,CONVERSATION,INT. ENCRUCIJADA INFINITA (LABERINTO DE ESPEJOS) - ??? 5,230 INT. ENCRUCIJADA INFINITA (LABERINTO DE ESPEJOS) - ???
31366,LIRIA,Blink must be hiding very close to this spot.,31367,CONVERSATION,INT. ENCRUCIJADA INFINITA (LABERINTO DE ESPEJOS) - ??? 6,230 INT. ENCRUCIJADA INFINITA (LABERINTO DE ESPEJOS) - ???
31367,LIRIA,We may finally be reaching the depths of this labyrinth.,31368,CONVERSATION,INT. ENCRUCIJADA INFINITA (LABERINTO DE ESPEJOS) - ??? 7,230 INT. ENCRUCIJADA INFINITA (LABERINTO DE ESPEJOS) - ???
31368,LIRIA,But... we can't let our guard down.,31369,CONVERSATION,INT. ENCRUCIJADA INFINITA (LABERINTO DE ESPEJOS) - ??? 8,230 INT. ENCRUCIJADA INFINITA (LABERINTO DE ESPEJOS) - ???
31369,LIRIA,"The deeper we go, the greater the dangers we may face.",31370,CONVERSATION,INT. ENCRUCIJADA INFINITA (LABERINTO DE ESPEJOS) - ??? 9,230 INT. ENCRUCIJADA INFINITA (LABERINTO DE ESPEJOS) - ???
31370,LIRIA,One misstep at this point could put an end to our mission.,31371,CONVERSATION,INT. ENCRUCIJADA INFINITA (LABERINTO DE ESPEJOS) - ??? 10,230 INT. ENCRUCIJADA INFINITA (LABERINTO DE ESPEJOS) - ???
31371,LIRIA,We already know how things work in here...,31372,CONVERSATION,INT. ENCRUCIJADA INFINITA (LABERINTO DE ESPEJOS) - ??? 11,230 INT. ENCRUCIJADA INFINITA (LABERINTO DE ESPEJOS) - ???
31372,LIRIA,"Let's think our next move through carefully, so it won't be our last.",31373,CONVERSATION,INT. ENCRUCIJADA INFINITA (LABERINTO DE ESPEJOS) - ??? 12,230 INT. ENCRUCIJADA INFINITA (LABERINTO DE ESPEJOS) - ???
31373,SOREN,Uhm...,31374,CONVERSATION,INT. ENCRUCIJADA INFINITA (LABERINTO DE ESPEJOS) - ??? 13,230 INT. ENCRUCIJADA INFINITA (LABERINTO DE ESPEJOS) - ???
31374,SOREN,If I sought to make amends for my mistakes... I'd choose dialogue.,31375,CONVERSATION,INT. ENCRUCIJADA INFINITA (LABERINTO DE ESPEJOS) - ??? 14,230 INT. ENCRUCIJADA INFINITA (LABERINTO DE ESPEJOS) - ???
31375,SOREN,"If I sought to avoid them in the future, I'd choose knowledge.",31376,CONVERSATION,INT. ENCRUCIJADA INFINITA (LABERINTO DE ESPEJOS) - ??? 15,230 INT. ENCRUCIJADA INFINITA (LABERINTO DE ESPEJOS) - ???
31376,SOREN,"But... if I were seeking myself, just as I am...",31377,CONVERSATION,INT. ENCRUCIJADA INFINITA (LABERINTO DE ESPEJOS) - ??? 16,230 INT. ENCRUCIJADA INFINITA (LABERINTO DE ESPEJOS) - ???
31377,SOREN,I'd choose temperance.,,END,INT. ENCRUCIJADA INFINITA (LABERINTO DE ESPEJOS) - ??? 17,230 INT. ENCRUCIJADA INFINITA (LABERINTO DE ESPEJOS) - ???
32460,LIRIA,Wow...,32461,CONVERSATION,INT. CORAZÓN DEL LABERINTO (LABERINTO DE ESPEJOS) - ??? 1,231 INT. CORAZÓN DEL LABERINTO (LABERINTO DE ESPEJOS) - ???
32461,LIRIA,Team... Look at this.,32462,CONVERSATION,INT. CORAZÓN DEL LABERINTO (LABERINTO DE ESPEJOS) - ??? 2,231 INT. CORAZÓN DEL LABERINTO (LABERINTO DE ESPEJOS) - ???
32462,LIRIA,@NAME... Look at this.,32463,CONVERSATION,INT. CORAZÓN DEL LABERINTO (LABERINTO DE ESPEJOS) - ??? 3,231 INT. CORAZÓN DEL LABERINTO (LABERINTO DE ESPEJOS) - ???
32463,LIRIA,All these crystals suspended in the air...,32464,CONVERSATION,INT. CORAZÓN DEL LABERINTO (LABERINTO DE ESPEJOS) - ??? 4,231 INT. CORAZÓN DEL LABERINTO (LABERINTO DE ESPEJOS) - ???
32464,LIRIA,They are... visors. Windows. Peepholes.,32465,CONVERSATION,INT. CORAZÓN DEL LABERINTO (LABERINTO DE ESPEJOS) - ??? 5,231 INT. CORAZÓN DEL LABERINTO (LABERINTO DE ESPEJOS) - ???
32465,LIRIA,Peepholes into... other lives. Other realities.,32466,CONVERSATION,INT. CORAZÓN DEL LABERINTO (LABERINTO DE ESPEJOS) - ??? 6,231 INT. CORAZÓN DEL LABERINTO (LABERINTO DE ESPEJOS) - ???
32466,LIRIA,"Some better, some worse...",32467,CONVERSATION,INT. CORAZÓN DEL LABERINTO (LABERINTO DE ESPEJOS) - ??? 7,231 INT. CORAZÓN DEL LABERINTO (LABERINTO DE ESPEJOS) - ???
32467,LIRIA,"But all of them, realities. Of people of flesh and bone.",32468,CONVERSATION,INT. CORAZÓN DEL LABERINTO (LABERINTO DE ESPEJOS) - ??? 8,231 INT. CORAZÓN DEL LABERINTO (LABERINTO DE ESPEJOS) - ???
32468,LIRIA,Is this... Parpadeo's lair?,32469,CONVERSATION,INT. CORAZÓN DEL LABERINTO (LABERINTO DE ESPEJOS) - ??? 9,231 INT. CORAZÓN DEL LABERINTO (LABERINTO DE ESPEJOS) - ???
32469,LIRIA,How can he watch all these чужi lives at once?,32470,CONVERSATION,INT. CORAZÓN DEL LABERINTO (LABERINTO DE ESPEJOS) - ??? 10,231 INT. CORAZÓN DEL LABERINTO (LABERINTO DE ESPEJOS) - ???
32470,LIRIA,And why would he want to do something like that?,32471,CONVERSATION,INT. CORAZÓN DEL LABERINTO (LABERINTO DE ESPEJOS) - ??? 11,231 INT. CORAZÓN DEL LABERINTO (LABERINTO DE ESPEJOS) - ???
32471,LIRIA,There he is!,32472,CONVERSATION,INT. CORAZÓN DEL LABERINTO (LABERINTO DE ESPEJOS) - ??? 12,231 INT. CORAZÓN DEL LABERINTO (LABERINTO DE ESPEJOS) - ???
32472,LIRIA,It's Parpadeo!,32473,CONVERSATION,INT. CORAZÓN DEL LABERINTO (LABERINTO DE ESPEJOS) - ??? 13,231 INT. CORAZÓN DEL LABERINTO (LABERINTO DE ESPEJOS) - ???
32473,PARPADEO,...Huh?,32474,CONVERSATION,INT. CORAZÓN DEL LABERINTO (LABERINTO DE ESPEJOS) - ??? 14,231 INT. CORAZÓN DEL LABERINTO (LABERINTO DE ESPEJOS) - ???
32474,PARPADEO,Wha...?!,32475,CONVERSATION,INT. CORAZÓN DEL LABERINTO (LABERINTO DE ESPEJOS) - ??? 15,231 INT. CORAZÓN DEL LABERINTO (LABERINTO DE ESPEJOS) - ???
32475,PARPADEO,What...?! What are you doing...?!,32476,CONVERSATION,INT. CORAZÓN DEL LABERINTO (LABERINTO DE ESPEJOS) - ??? 16,231 INT. CORAZÓN DEL LABERINTO (LABERINTO DE ESPEJOS) - ???
32476,PARPADEO,How did you get here?!,32477,CONVERSATION,INT. CORAZÓN DEL LABERINTO (LABERINTO DE ESPEJOS) - ??? 17,231 INT. CORAZÓN DEL LABERINTO (LABERINTO DE ESPEJOS) - ???
32477,PARPADEO,...,32478,CONVERSATION,INT. CORAZÓN DEL LABERINTO (LABERINTO DE ESPEJOS) - ??? 18,231 INT. CORAZÓN DEL LABERINTO (LABERINTO DE ESPEJOS) - ???
32478,PARPADEO,"*ZAP, ZAP*",32479,CONVERSATION,INT. CORAZÓN DEL LABERINTO (LABERINTO DE ESPEJOS) - ??? 19,231 INT. CORAZÓN DEL LABERINTO (LABERINTO DE ESPEJOS) - ???
32479,PARPADEO,"HEE, HEE, HEE",32480,CONVERSATION,INT. CORAZÓN DEL LABERINTO (LABERINTO DE ESPEJOS) - ??? 20,231 INT. CORAZÓN DEL LABERINTO (LABERINTO DE ESPEJOS) - ???
32480,PARPADEO,SORR...!,32481,CONVERSATION,INT. CORAZÓN DEL LABERINTO (LABERINTO DE ESPEJOS) - ??? 21,231 INT. CORAZÓN DEL LABERINTO (LABERINTO DE ESPEJOS) - ???
32481,PARPADEO,FORGIVE ME!,32482,CONVERSATION,INT. CORAZÓN DEL LABERINTO (LABERINTO DE ESPEJOS) - ??? 22,231 INT. CORAZÓN DEL LABERINTO (LABERINTO DE ESPEJOS) - ???
32482,PARPADEO,FORGIVE MY MANNERS!,32483,CONVERSATION,INT. CORAZÓN DEL LABERINTO (LABERINTO DE ESPEJOS) - ??? 23,231 INT. CORAZÓN DEL LABERINTO (LABERINTO DE ESPEJOS) - ???
32483,PARPADEO,"HOW COULD I BE ANGRY WITH YOU, WHO HAVE COME TO SEE ME?",32484,CONVERSATION,INT. CORAZÓN DEL LABERINTO (LABERINTO DE ESPEJOS) - ??? 24,231 INT. CORAZÓN DEL LABERINTO (LABERINTO DE ESPEJOS) - ???
32484,PARPADEO,AND I'M SURE IT CAN'T HAVE BEEN EASY!,32485,CONVERSATION,INT. CORAZÓN DEL LABERINTO (LABERINTO DE ESPEJOS) - ??? 25,231 INT. CORAZÓN DEL LABERINTO (LABERINTO DE ESPEJOS) - ???
32485,PARPADEO,YOU MUST HAVE HA...,32486,CONVERSATION,INT. CORAZÓN DEL LABERINTO (LABERINTO DE ESPEJOS) - ??? 26,231 INT. CORAZÓN DEL LABERINTO (LABERINTO DE ESPEJOS) - ???
32486,PARPADEO,YOU MUST HAVE IGNORED SO MANY BEAUTIFUL THINGS!,32487,CONVERSATION,INT. CORAZÓN DEL LABERINTO (LABERINTO DE ESPEJOS) - ??? 27,231 INT. CORAZÓN DEL LABERINTO (LABERINTO DE ESPEJOS) - ???
32487,PARPADEO,YOU MUST HAVE AVOIDED HAPPINESS...,32488,CONVERSATION,INT. CORAZÓN DEL LABERINTO (LABERINTO DE ESPEJOS) - ??? 28,231 INT. CORAZÓN DEL LABERINTO (LABERINTO DE ESPEJOS) - ???
32488,PARPADEO,"...SO MANY, SO MANY TIMES...!",32489,CONVERSATION,INT. CORAZÓN DEL LABERINTO (LABERINTO DE ESPEJOS) - ??? 29,231 INT. CORAZÓN DEL LABERINTO (LABERINTO DE ESPEJOS) - ???
32489,PARPADEO,...AND ALL TO GET TO THIS PLACE.,32490,CONVERSATION,INT. CORAZÓN DEL LABERINTO (LABERINTO DE ESPEJOS) - ??? 30,231 INT. CORAZÓN DEL LABERINTO (LABERINTO DE ESPEJOS) - ???
32490,PARPADEO,"TO THIS PLACE, SO EMPTY AND DEPRESSING...",32491,CONVERSATION,INT. CORAZÓN DEL LABERINTO (LABERINTO DE ESPEJOS) - ??? 31,231 INT. CORAZÓN DEL LABERINTO (LABERINTO DE ESPEJOS) - ???
32491,PARPADEO,I'D ALMOST HAVE TO CONGRATULATE YOU FOR IT!,32492,CONVERSATION,INT. CORAZÓN DEL LABERINTO (LABERINTO DE ESPEJOS) - ??? 32,231 INT. CORAZÓN DEL LABERINTO (LABERINTO DE ESPEJOS) - ???
32492,PARPADEO,IN FACT...,32493,CONVERSATION,INT. CORAZÓN DEL LABERINTO (LABERINTO DE ESPEJOS) - ??? 33,231 INT. CORAZÓN DEL LABERINTO (LABERINTO DE ESPEJOS) - ???
32493,PARPADEO,"YES, THAT'S IT!",32494,CONVERSATION,INT. CORAZÓN DEL LABERINTO (LABERINTO DE ESPEJOS) - ??? 34,231 INT. CORAZÓN DEL LABERINTO (LABERINTO DE ESPEJOS) - ???
32494,PARPADEO,GOOD!,32495,CONVERSATION,INT. CORAZÓN DEL LABERINTO (LABERINTO DE ESPEJOS) - ??? 35,231 INT. CORAZÓN DEL LABERINTO (LABERINTO DE ESPEJOS) - ???
32495,PARPADEO,"VERY, VERY GOOD!",32496,CONVERSATION,INT. CORAZÓN DEL LABERINTO (LABERINTO DE ESPEJOS) - ??? 36,231 INT. CORAZÓN DEL LABERINTO (LABERINTO DE ESPEJOS) - ???
32496,PARPADEO,CONGRATULATIONS!,32497,CONVERSATION,INT. CORAZÓN DEL LABERINTO (LABERINTO DE ESPEJOS) - ??? 37,231 INT. CORAZÓN DEL LABERINTO (LABERINTO DE ESPEJOS) - ???
32497,PARPADEO,"*ZAP, ZAP, ZAP*",32498,CONVERSATION,INT. CORAZÓN DEL LABERINTO (LABERINTO DE ESPEJOS) - ??? 38,231 INT. CORAZÓN DEL LABERINTO (LABERINTO DE ESPEJOS) - ???
32498,PARPADEO,And... now?,32499,CONVERSATION,INT. CORAZÓN DEL LABERINTO (LABERINTO DE ESPEJOS) - ??? 39,231 INT. CORAZÓN DEL LABERINTO (LABERINTO DE ESPEJOS) - ???
32499,PARPADEO,Now what?,32500,CONVERSATION,INT. CORAZÓN DEL LABERINTO (LABERINTO DE ESPEJOS) - ??? 40,231 INT. CORAZÓN DEL LABERINTO (LABERINTO DE ESPEJOS) - ???
32500,PARPADEO,NOW WHAT?!,32501,CONVERSATION,INT. CORAZÓN DEL LABERINTO (LABERINTO DE ESPEJOS) - ??? 41,231 INT. CORAZÓN DEL LABERINTO (LABERINTO DE ESPEJOS) - ???
32501,PARPADEO,ARE YOU HAPPY?,32502,CONVERSATION,INT. CORAZÓN DEL LABERINTO (LABERINTO DE ESPEJOS) - ??? 42,231 INT. CORAZÓN DEL LABERINTO (LABERINTO DE ESPEJOS) - ???
32502,PARPADEO,:) :) :),32503,CONVERSATION,INT. CORAZÓN DEL LABERINTO (LABERINTO DE ESPEJOS) - ??? 43,231 INT. CORAZÓN DEL LABERINTO (LABERINTO DE ESPEJOS) - ???
32503,PARPADEO,WAS IT WORTH IT?,32504,CONVERSATION,INT. CORAZÓN DEL LABERINTO (LABERINTO DE ESPEJOS) - ??? 44,231 INT. CORAZÓN DEL LABERINTO (LABERINTO DE ESPEJOS) - ???
32504,PARPADEO,DO YOU FEEL GOOD IN THAT REALITY?,32505,CONVERSATION,INT. CORAZÓN DEL LABERINTO (LABERINTO DE ESPEJOS) - ??? 45,231 INT. CORAZÓN DEL LABERINTO (LABERINTO DE ESPEJOS) - ???
32505,PARPADEO,"I CONFESS, FOR ME IT'S SOOOO BORING...",32506,CONVERSATION,INT. CORAZÓN DEL LABERINTO (LABERINTO DE ESPEJOS) - ??? 46,231 INT. CORAZÓN DEL LABERINTO (LABERINTO DE ESPEJOS) - ???
32506,PARPADEO,ALTHOUGH... TO TELL THE TRUTH...,32507,CONVERSATION,INT. CORAZÓN DEL LABERINTO (LABERINTO DE ESPEJOS) - ??? 47,231 INT. CORAZÓN DEL LABERINTO (LABERINTO DE ESPEJOS) - ???
32507,PARPADEO,IT SUITS YOU JUST FINE!,32508,CONVERSATION,INT. CORAZÓN DEL LABERINTO (LABERINTO DE ESPEJOS) - ??? 48,231 INT. CORAZÓN DEL LABERINTO (LABERINTO DE ESPEJOS) - ???
32508,PARPADEO,"HEE, HEE, HEE",32509,CONVERSATION,INT. CORAZÓN DEL LABERINTO (LABERINTO DE ESPEJOS) - ??? 49,231 INT. CORAZÓN DEL LABERINTO (LABERINTO DE ESPEJOS) - ???
32509,LIRIA,"That's enough, Parpadeo!",32510,CONVERSATION,INT. CORAZÓN DEL LABERINTO (LABERINTO DE ESPEJOS) - ??? 50,231 INT. CORAZÓN DEL LABERINTO (LABERINTO DE ESPEJOS) - ???
32510,LIRIA,The chatter is over.,32511,CONVERSATION,INT. CORAZÓN DEL LABERINTO (LABERINTO DE ESPEJOS) - ??? 51,231 INT. CORAZÓN DEL LABERINTO (LABERINTO DE ESPEJOS) - ???
32511,LIRIA,"What exactly are you looking for, hiding out here?",32512,CONVERSATION,INT. CORAZÓN DEL LABERINTO (LABERINTO DE ESPEJOS) - ??? 52,231 INT. CORAZÓN DEL LABERINTO (LABERINTO DE ESPEJOS) - ???
32512,LIRIA,What are you trying to do with this little show?,32513,CONVERSATION,INT. CORAZÓN DEL LABERINTO (LABERINTO DE ESPEJOS) - ??? 53,231 INT. CORAZÓN DEL LABERINTO (LABERINTO DE ESPEJOS) - ???
32513,LIRIA,This maze... This room...,32514,CONVERSATION,INT. CORAZÓN DEL LABERINTO (LABERINTO DE ESPEJOS) - ??? 54,231 INT. CORAZÓN DEL LABERINTO (LABERINTO DE ESPEJOS) - ???
32514,LIRIA,"And above all, your talk about freedom...",32515,CONVERSATION,INT. CORAZÓN DEL LABERINTO (LABERINTO DE ESPEJOS) - ??? 55,231 INT. CORAZÓN DEL LABERINTO (LABERINTO DE ESPEJOS) - ???
32515,LIRIA,It's not doing the kingdom any good.,32516,CONVERSATION,INT. CORAZÓN DEL LABERINTO (LABERINTO DE ESPEJOS) - ??? 56,231 INT. CORAZÓN DEL LABERINTO (LABERINTO DE ESPEJOS) - ???
32516,LIRIA,...But it's not doing you any good either!,32517,CONVERSATION,INT. CORAZÓN DEL LABERINTO (LABERINTO DE ESPEJOS) - ??? 57,231 INT. CORAZÓN DEL LABERINTO (LABERINTO DE ESPEJOS) - ???
32517,PARPADEO,"*ZAP, ZAP*",32518,CONVERSATION,INT. CORAZÓN DEL LABERINTO (LABERINTO DE ESPEJOS) - ??? 58,231 INT. CORAZÓN DEL LABERINTO (LABERINTO DE ESPEJOS) - ???
32518,LIRIA,This place...,32519,CONVERSATION,INT. CORAZÓN DEL LABERINTO (LABERINTO DE ESPEJOS) - ??? 59,231 INT. CORAZÓN DEL LABERINTO (LABERINTO DE ESPEJOS) - ???
32519,LIRIA,It's nothing but a watchtower from which to observe the people.,32520,CONVERSATION,INT. CORAZÓN DEL LABERINTO (LABERINTO DE ESPEJOS) - ??? 60,231 INT. CORAZÓN DEL LABERINTO (LABERINTO DE ESPEJOS) - ???
32520,LIRIA,And the worst part is you have so many eyes scattered across the world...,32521,CONVERSATION,INT. CORAZÓN DEL LABERINTO (LABERINTO DE ESPEJOS) - ??? 61,231 INT. CORAZÓN DEL LABERINTO (LABERINTO DE ESPEJOS) - ???
32521,LIRIA,...that you didn't even notice we were walking into your own lair.,32522,CONVERSATION,INT. CORAZÓN DEL LABERINTO (LABERINTO DE ESPEJOS) - ??? 62,231 INT. CORAZÓN DEL LABERINTO (LABERINTO DE ESPEJOS) - ???
32522,LIRIA,"Look at yourself, Parpadeo...",32523,CONVERSATION,INT. CORAZÓN DEL LABERINTO (LABERINTO DE ESPEJOS) - ??? 63,231 INT. CORAZÓN DEL LABERINTO (LABERINTO DE ESPEJOS) - ???
32523,LIRIA,You're not even recovering!,32524,CONVERSATION,INT. CORAZÓN DEL LABERINTO (LABERINTO DE ESPEJOS) - ??? 64,231 INT. CORAZÓN DEL LABERINTO (LABERINTO DE ESPEJOS) - ???
32524,PARPADEO,"*ZAP, ZAP, ZAP*",32525,CONVERSATION,INT. CORAZÓN DEL LABERINTO (LABERINTO DE ESPEJOS) - ??? 65,231 INT. CORAZÓN DEL LABERINTO (LABERINTO DE ESPEJOS) - ???
32525,LIRIA,You can't keep running from us.,32526,CONVERSATION,INT. CORAZÓN DEL LABERINTO (LABERINTO DE ESPEJOS) - ??? 66,231 INT. CORAZÓN DEL LABERINTO (LABERINTO DE ESPEJOS) - ???
32526,LIRIA,Or am I wrong?,32527,CONVERSATION,INT. CORAZÓN DEL LABERINTO (LABERINTO DE ESPEJOS) - ??? 67,231 INT. CORAZÓN DEL LABERINTO (LABERINTO DE ESPEJOS) - ???
32527,PARPADEO,SHUT UP...,32528,CONVERSATION,INT. CORAZÓN DEL LABERINTO (LABERINTO DE ESPEJOS) - ??? 68,231 INT. CORAZÓN DEL LABERINTO (LABERINTO DE ESPEJOS) - ???
32528,PARPADEO,SHUT UP!,32529,CONVERSATION,INT. CORAZÓN DEL LABERINTO (LABERINTO DE ESPEJOS) - ??? 69,231 INT. CORAZÓN DEL LABERINTO (LABERINTO DE ESPEJOS) - ???
32529,PARPADEO,"WHAT WOULD YOU KNOW ABOUT WHAT'S GOOD FOR ME, GRAVEL?",32530,CONVERSATION,INT. CORAZÓN DEL LABERINTO (LABERINTO DE ESPEJOS) - ??? 70,231 INT. CORAZÓN DEL LABERINTO (LABERINTO DE ESPEJOS) - ???
32530,PARPADEO,"HEE, HEE, HEE",32531,CONVERSATION,INT. CORAZÓN DEL LABERINTO (LABERINTO DE ESPEJOS) - ??? 71,231 INT. CORAZÓN DEL LABERINTO (LABERINTO DE ESPEJOS) - ???
32531,PARPADEO,DO YOU THINK YOU'RE SO CLEVER FOR GETTING HERE?,32532,CONVERSATION,INT. CORAZÓN DEL LABERINTO (LABERINTO DE ESPEJOS) - ??? 72,231 INT. CORAZÓN DEL LABERINTO (LABERINTO DE ESPEJOS) - ???
32532,PARPADEO,IS THAT IT?,32533,CONVERSATION,INT. CORAZÓN DEL LABERINTO (LABERINTO DE ESPEJOS) - ??? 73,231 INT. CORAZÓN DEL LABERINTO (LABERINTO DE ESPEJOS) - ???
32533,PARPADEO,VERY WELL...,32534,CONVERSATION,INT. CORAZÓN DEL LABERINTO (LABERINTO DE ESPEJOS) - ??? 74,231 INT. CORAZÓN DEL LABERINTO (LABERINTO DE ESPEJOS) - ???
32534,PARPADEO,I TAKE IT BACK...!,32535,CONVERSATION,INT. CORAZÓN DEL LABERINTO (LABERINTO DE ESPEJOS) - ??? 75,231 INT. CORAZÓN DEL LABERINTO (LABERINTO DE ESPEJOS) - ???
32535,PARPADEO,I TAKE BACK THE CONGRATULATIONS!,32536,CONVERSATION,INT. CORAZÓN DEL LABERINTO (LABERINTO DE ESPEJOS) - ??? 76,231 INT. CORAZÓN DEL LABERINTO (LABERINTO DE ESPEJOS) - ???
32536,JUGADOR,"Let us help you, Parpadeo",32537,CONVERSATION,INT. CORAZÓN DEL LABERINTO (LABERINTO DE ESPEJOS) - ??? 77,231 INT. CORAZÓN DEL LABERINTO (LABERINTO DE ESPEJOS) - ???
32537,PARPADEO,Help...?,32538,CONVERSATION,INT. CORAZÓN DEL LABERINTO (LABERINTO DE ESPEJOS) - ??? 78,231 INT. CORAZÓN DEL LABERINTO (LABERINTO DE ESPEJOS) - ???
32538,PARPADEO,Help... me?,32539,CONVERSATION,INT. CORAZÓN DEL LABERINTO (LABERINTO DE ESPEJOS) - ??? 79,231 INT. CORAZÓN DEL LABERINTO (LABERINTO DE ESPEJOS) - ???
32539,PARPADEO,...,32540,CONVERSATION,INT. CORAZÓN DEL LABERINTO (LABERINTO DE ESPEJOS) - ??? 80,231 INT. CORAZÓN DEL LABERINTO (LABERINTO DE ESPEJOS) - ???
32540,PARPADEO,"HEE, HEE, HEE, HEE, HEE, HEE, HEE",32541,CONVERSATION,INT. CORAZÓN DEL LABERINTO (LABERINTO DE ESPEJOS) - ??? 81,231 INT. CORAZÓN DEL LABERINTO (LABERINTO DE ESPEJOS) - ???
32541,PARPADEO,...,32542,CONVERSATION,INT. CORAZÓN DEL LABERINTO (LABERINTO DE ESPEJOS) - ??? 82,231 INT. CORAZÓN DEL LABERINTO (LABERINTO DE ESPEJOS) - ???
32542,PARPADEO,"HA, HA, HA, HA!",32543,CONVERSATION,INT. CORAZÓN DEL LABERINTO (LABERINTO DE ESPEJOS) - ??? 83,231 INT. CORAZÓN DEL LABERINTO (LABERINTO DE ESPEJOS) - ???
32543,PARPADEO,HELP ME!? YOU?!,32544,CONVERSATION,INT. CORAZÓN DEL LABERINTO (LABERINTO DE ESPEJOS) - ??? 84,231 INT. CORAZÓN DEL LABERINTO (LABERINTO DE ESPEJOS) - ???
32544,PARPADEO,OF COURSE! I'LL LET YOU HELP ME!,32545,CONVERSATION,INT. CORAZÓN DEL LABERINTO (LABERINTO DE ESPEJOS) - ??? 85,231 INT. CORAZÓN DEL LABERINTO (LABERINTO DE ESPEJOS) - ???
32545,PARPADEO,BUT I DON'T NEED MUCH...,32546,CONVERSATION,INT. CORAZÓN DEL LABERINTO (LABERINTO DE ESPEJOS) - ??? 86,231 INT. CORAZÓN DEL LABERINTO (LABERINTO DE ESPEJOS) - ???
32546,PARPADEO,HOW ABOUT YOU ENTERTAIN ME A LITTLE?,32547,CONVERSATION,INT. CORAZÓN DEL LABERINTO (LABERINTO DE ESPEJOS) - ??? 87,231 INT. CORAZÓN DEL LABERINTO (LABERINTO DE ESPEJOS) - ???
32547,JUGADOR,Parpadeo... You have a problem. Admit it!,32548,CONVERSATION,INT. CORAZÓN DEL LABERINTO (LABERINTO DE ESPEJOS) - ??? 88,231 INT. CORAZÓN DEL LABERINTO (LABERINTO DE ESPEJOS) - ???
32548,PARPADEO,NO...,32549,CONVERSATION,INT. CORAZÓN DEL LABERINTO (LABERINTO DE ESPEJOS) - ??? 89,231 INT. CORAZÓN DEL LABERINTO (LABERINTO DE ESPEJOS) - ???
32549,PARPADEO,I DON'T HAVE A PROBLEM...,32550,CONVERSATION,INT. CORAZÓN DEL LABERINTO (LABERINTO DE ESPEJOS) - ??? 90,231 INT. CORAZÓN DEL LABERINTO (LABERINTO DE ESPEJOS) - ???
32550,PARPADEO,I HAVE TWO!,32551,CONVERSATION,INT. CORAZÓN DEL LABERINTO (LABERINTO DE ESPEJOS) - ??? 91,231 INT. CORAZÓN DEL LABERINTO (LABERINTO DE ESPEJOS) - ???
32551,PARPADEO,I HAVE THREE!,32552,CONVERSATION,INT. CORAZÓN DEL LABERINTO (LABERINTO DE ESPEJOS) - ??? 92,231 INT. CORAZÓN DEL LABERINTO (LABERINTO DE ESPEJOS) - ???
32552,PARPADEO,MAYBE THAT'S MY BIGGEST PROBLEM...,32553,CONVERSATION,INT. CORAZÓN DEL LABERINTO (LABERINTO DE ESPEJOS) - ??? 93,231 INT. CORAZÓN DEL LABERINTO (LABERINTO DE ESPEJOS) - ???
32553,PARPADEO,THAT I HAVE TOO MANY PROBLEMS!,32554,CONVERSATION,INT. CORAZÓN DEL LABERINTO (LABERINTO DE ESPEJOS) - ??? 94,231 INT. CORAZÓN DEL LABERINTO (LABERINTO DE ESPEJOS) - ???
32554,PARPADEO,I'M GOING TO HAVE TO SOLVE THEM SOON...,32555,CONVERSATION,INT. CORAZÓN DEL LABERINTO (LABERINTO DE ESPEJOS) - ??? 95,231 INT. CORAZÓN DEL LABERINTO (LABERINTO DE ESPEJOS) - ???
32555,PARPADEO,ONE BY ONE!,32556,CONVERSATION,INT. CORAZÓN DEL LABERINTO (LABERINTO DE ESPEJOS) - ??? 96,231 INT. CORAZÓN DEL LABERINTO (LABERINTO DE ESPEJOS) - ???
32556,PARPADEO,"HEE, HEE, HEE!",32557,CONVERSATION,INT. CORAZÓN DEL LABERINTO (LABERINTO DE ESPEJOS) - ??? 97,231 INT. CORAZÓN DEL LABERINTO (LABERINTO DE ESPEJOS) - ???
32557,JUGADOR,Draw your sword. This is your end,32558,CONVERSATION,INT. CORAZÓN DEL LABERINTO (LABERINTO DE ESPEJOS) - ??? 98,231 INT. CORAZÓN DEL LABERINTO (LABERINTO DE ESPEJOS) - ???
32558,PARPADEO,"HEE, HEE, HEE!",32559,CONVERSATION,INT. CORAZÓN DEL LABERINTO (LABERINTO DE ESPEJOS) - ??? 99,231 INT. CORAZÓN DEL LABERINTO (LABERINTO DE ESPEJOS) - ???
32559,PARPADEO,"OH, HOW WONDERFUL!",32560,CONVERSATION,INT. CORAZÓN DEL LABERINTO (LABERINTO DE ESPEJOS) - ??? 100,231 INT. CORAZÓN DEL LABERINTO (LABERINTO DE ESPEJOS) - ???
32560,PARPADEO,HOW WONDERFUL! HOW WONDERFUL! HOW WONDERFUL! HOW WONDERFUL!,32561,CONVERSATION,INT. CORAZÓN DEL LABERINTO (LABERINTO DE ESPEJOS) - ??? 101,231 INT. CORAZÓN DEL LABERINTO (LABERINTO DE ESPEJOS) - ???
32561,PARPADEO,"HEE, HEE!",32562,CONVERSATION,INT. CORAZÓN DEL LABERINTO (LABERINTO DE ESPEJOS) - ??? 102,231 INT. CORAZÓN DEL LABERINTO (LABERINTO DE ESPEJOS) - ???
32562,PARPADEO,NEVER!,32563,CONVERSATION,INT. CORAZÓN DEL LABERINTO (LABERINTO DE ESPEJOS) - ??? 103,231 INT. CORAZÓN DEL LABERINTO (LABERINTO DE ESPEJOS) - ???
32563,PARPADEO,NO ONE EVER MADE IT THIS EASY FOR ME!,32564,CONVERSATION,INT. CORAZÓN DEL LABERINTO (LABERINTO DE ESPEJOS) - ??? 104,231 INT. CORAZÓN DEL LABERINTO (LABERINTO DE ESPEJOS) - ???
32564,PARPADEO,"HEE, HEE, HEE, HEE!",32565,CONVERSATION,INT. CORAZÓN DEL LABERINTO (LABERINTO DE ESPEJOS) - ??? 105,231 INT. CORAZÓN DEL LABERINTO (LABERINTO DE ESPEJOS) - ???
32565,PARPADEO,LET'S DANCE!,32566,CONVERSATION,INT. CORAZÓN DEL LABERINTO (LABERINTO DE ESPEJOS) - ??? 106,231 INT. CORAZÓN DEL LABERINTO (LABERINTO DE ESPEJOS) - ???
32566,PARPADEO,*ZAP...*,32567,CONVERSATION,INT. CORAZÓN DEL LABERINTO (LABERINTO DE ESPEJOS) - ??? 107,231 INT. CORAZÓN DEL LABERINTO (LABERINTO DE ESPEJOS) - ???
32567,PARPADEO,AHG!,32568,CONVERSATION,INT. CORAZÓN DEL LABERINTO (LABERINTO DE ESPEJOS) - ??? 108,231 INT. CORAZÓN DEL LABERINTO (LABERINTO DE ESPEJOS) - ???
32568,PARPADEO,WHAT...!,32569,CONVERSATION,INT. CORAZÓN DEL LABERINTO (LABERINTO DE ESPEJOS) - ??? 109,231 INT. CORAZÓN DEL LABERINTO (LABERINTO DE ESPEJOS) - ???
32569,PARPADEO,I DON'T UNDERSTAND...,32570,CONVERSATION,INT. CORAZÓN DEL LABERINTO (LABERINTO DE ESPEJOS) - ??? 110,231 INT. CORAZÓN DEL LABERINTO (LABERINTO DE ESPEJOS) - ???
32570,PARPADEO,I DON'T UNDERSTAND ANYTHING!,32571,CONVERSATION,INT. CORAZÓN DEL LABERINTO (LABERINTO DE ESPEJOS) - ??? 111,231 INT. CORAZÓN DEL LABERINTO (LABERINTO DE ESPEJOS) - ???
32571,PARPADEO,NOTHING! NOTHING! NOTHING! NOTHING! NOTHING! NOTHING!,32572,CONVERSATION,INT. CORAZÓN DEL LABERINTO (LABERINTO DE ESPEJOS) - ??? 112,231 INT. CORAZÓN DEL LABERINTO (LABERINTO DE ESPEJOS) - ???
32572,PARPADEO,Could it be...?,32573,CONVERSATION,INT. CORAZÓN DEL LABERINTO (LABERINTO DE ESPEJOS) - ??? 113,231 INT. CORAZÓN DEL LABERINTO (LABERINTO DE ESPEJOS) - ???
32573,PARPADEO,IS THIS... MY REWARD?!,32574,CONVERSATION,INT. CORAZÓN DEL LABERINTO (LABERINTO DE ESPEJOS) - ??? 114,231 INT. CORAZÓN DEL LABERINTO (LABERINTO DE ESPEJOS) - ???
32574,PARPADEO,My reward...,32575,CONVERSATION,INT. CORAZÓN DEL LABERINTO (LABERINTO DE ESPEJOS) - ??? 115,231 INT. CORAZÓN DEL LABERINTO (LABERINTO DE ESPEJOS) - ???
32575,PARPADEO,MY REWARD FOR FREEING MY PEOPLE!,32576,CONVERSATION,INT. CORAZÓN DEL LABERINTO (LABERINTO DE ESPEJOS) - ??? 116,231 INT. CORAZÓN DEL LABERINTO (LABERINTO DE ESPEJOS) - ???
32576,PARPADEO,MY REWARD FOR LIGHTENING THEIR BURDEN...,32577,CONVERSATION,INT. CORAZÓN DEL LABERINTO (LABERINTO DE ESPEJOS) - ??? 117,231 INT. CORAZÓN DEL LABERINTO (LABERINTO DE ESPEJOS) - ???
32577,PARPADEO,...FOR STRIPPING THEM OF THE LIFE THEY DIDN'T WANT TO LIVE!,32578,CONVERSATION,INT. CORAZÓN DEL LABERINTO (LABERINTO DE ESPEJOS) - ??? 118,231 INT. CORAZÓN DEL LABERINTO (LABERINTO DE ESPEJOS) - ???
32578,PARPADEO,They adore me...,32579,CONVERSATION,INT. CORAZÓN DEL LABERINTO (LABERINTO DE ESPEJOS) - ??? 119,231 INT. CORAZÓN DEL LABERINTO (LABERINTO DE ESPEJOS) - ???
32579,PARPADEO,THEY ADORE ME!,32580,CONVERSATION,INT. CORAZÓN DEL LABERINTO (LABERINTO DE ESPEJOS) - ??? 120,231 INT. CORAZÓN DEL LABERINTO (LABERINTO DE ESPEJOS) - ???
32580,PARPADEO,EVERYONE ADORES ME!,32581,CONVERSATION,INT. CORAZÓN DEL LABERINTO (LABERINTO DE ESPEJOS) - ??? 121,231 INT. CORAZÓN DEL LABERINTO (LABERINTO DE ESPEJOS) - ???
32581,PARPADEO,And now...,32582,CONVERSATION,INT. CORAZÓN DEL LABERINTO (LABERINTO DE ESPEJOS) - ??? 122,231 INT. CORAZÓN DEL LABERINTO (LABERINTO DE ESPEJOS) - ???
32582,PARPADEO,It hurts!,32583,CONVERSATION,INT. CORAZÓN DEL LABERINTO (LABERINTO DE ESPEJOS) - ??? 123,231 INT. CORAZÓN DEL LABERINTO (LABERINTO DE ESPEJOS) - ???
32583,PARPADEO,IT HURTS! IT HURTS! IT HURTS! IT HURTS!,32584,CONVERSATION,INT. CORAZÓN DEL LABERINTO (LABERINTO DE ESPEJOS) - ??? 124,231 INT. CORAZÓN DEL LABERINTO (LABERINTO DE ESPEJOS) - ???
32584,PARPADEO,AND SHE PROMISED ME IT WOULDN'T HURT!,32585,CONVERSATION,INT. CORAZÓN DEL LABERINTO (LABERINTO DE ESPEJOS) - ??? 125,231 INT. CORAZÓN DEL LABERINTO (LABERINTO DE ESPEJOS) - ???
32585,PARPADEO,SHE PROMISED ME I'D NEVER HAVE TO FACE MY PAST!,32586,CONVERSATION,INT. CORAZÓN DEL LABERINTO (LABERINTO DE ESPEJOS) - ??? 126,231 INT. CORAZÓN DEL LABERINTO (LABERINTO DE ESPEJOS) - ???
32586,PARPADEO,I JUST WANTED IT NOT TO HURT!,32587,CONVERSATION,INT. CORAZÓN DEL LABERINTO (LABERINTO DE ESPEJOS) - ??? 127,231 INT. CORAZÓN DEL LABERINTO (LABERINTO DE ESPEJOS) - ???
32587,PARPADEO,What's the point of this?,32588,CONVERSATION,INT. CORAZÓN DEL LABERINTO (LABERINTO DE ESPEJOS) - ??? 128,231 INT. CORAZÓN DEL LABERINTO (LABERINTO DE ESPEJOS) - ???
32588,PARPADEO,WHAT'S THE POINT OF ANY OF IT?!,32589,CONVERSATION,INT. CORAZÓN DEL LABERINTO (LABERINTO DE ESPEJOS) - ??? 129,231 INT. CORAZÓN DEL LABERINTO (LABERINTO DE ESPEJOS) - ???
32589,JUGADOR,"Run. Run, and don't come back",32590,CONVERSATION,INT. CORAZÓN DEL LABERINTO (LABERINTO DE ESPEJOS) - ??? 130,231 INT. CORAZÓN DEL LABERINTO (LABERINTO DE ESPEJOS) - ???
32590,LIRIA,Parpadeo...,32591,CONVERSATION,INT. CORAZÓN DEL LABERINTO (LABERINTO DE ESPEJOS) - ??? 131,231 INT. CORAZÓN DEL LABERINTO (LABERINTO DE ESPEJOS) - ???
32591,LIRIA,I know you seek freedom. You crave freedom.,32592,CONVERSATION,INT. CORAZÓN DEL LABERINTO (LABERINTO DE ESPEJOS) - ??? 132,231 INT. CORAZÓN DEL LABERINTO (LABERINTO DE ESPEJOS) - ???
32592,LIRIA,But you're a prisoner in a golden cage.,32593,CONVERSATION,INT. CORAZÓN DEL LABERINTO (LABERINTO DE ESPEJOS) - ??? 133,231 INT. CORAZÓN DEL LABERINTO (LABERINTO DE ESPEJOS) - ???
32593,LIRIA,You're still a slave.,32594,CONVERSATION,INT. CORAZÓN DEL LABERINTO (LABERINTO DE ESPEJOS) - ??? 134,231 INT. CORAZÓN DEL LABERINTO (LABERINTO DE ESPEJOS) - ???
32594,LIRIA,A slave to the Siren...,32595,CONVERSATION,INT. CORAZÓN DEL LABERINTO (LABERINTO DE ESPEJOS) - ??? 135,231 INT. CORAZÓN DEL LABERINTO (LABERINTO DE ESPEJOS) - ???
32595,LIRIA,A slave to these walls...,32596,CONVERSATION,INT. CORAZÓN DEL LABERINTO (LABERINTO DE ESPEJOS) - ??? 136,231 INT. CORAZÓN DEL LABERINTO (LABERINTO DE ESPEJOS) - ???
32596,LIRIA,A slave to your beliefs...,32597,CONVERSATION,INT. CORAZÓN DEL LABERINTO (LABERINTO DE ESPEJOS) - ??? 137,231 INT. CORAZÓN DEL LABERINTO (LABERINTO DE ESPEJOS) - ???
32597,LIRIA,...,32598,CONVERSATION,INT. CORAZÓN DEL LABERINTO (LABERINTO DE ESPEJOS) - ??? 138,231 INT. CORAZÓN DEL LABERINTO (LABERINTO DE ESPEJOS) - ???
32598,LIRIA,Before trying to break the people's chains...,32599,CONVERSATION,INT. CORAZÓN DEL LABERINTO (LABERINTO DE ESPEJOS) - ??? 139,231 INT. CORAZÓN DEL LABERINTO (LABERINTO DE ESPEJOS) - ???
32599,LIRIA,...you must start by breaking your own chains.,32600,CONVERSATION,INT. CORAZÓN DEL LABERINTO (LABERINTO DE ESPEJOS) - ??? 140,231 INT. CORAZÓN DEL LABERINTO (LABERINTO DE ESPEJOS) - ???
32600,LIRIA,Everything that ties you to the world.,32601,CONVERSATION,INT. CORAZÓN DEL LABERINTO (LABERINTO DE ESPEJOS) - ??? 141,231 INT. CORAZÓN DEL LABERINTO (LABERINTO DE ESPEJOS) - ???
32601,LIRIA,Everything you think you need to know.,32602,CONVERSATION,INT. CORAZÓN DEL LABERINTO (LABERINTO DE ESPEJOS) - ??? 142,231 INT. CORAZÓN DEL LABERINTO (LABERINTO DE ESPEJOS) - ???
32602,LIRIA,Everything you feel you have to do for the world...,32603,CONVERSATION,INT. CORAZÓN DEL LABERINTO (LABERINTO DE ESPEJOS) - ??? 143,231 INT. CORAZÓN DEL LABERINTO (LABERINTO DE ESPEJOS) - ???
32603,LIRIA,...but the world never asked you to do it for it.,32604,CONVERSATION,INT. CORAZÓN DEL LABERINTO (LABERINTO DE ESPEJOS) - ??? 144,231 INT. CORAZÓN DEL LABERINTO (LABERINTO DE ESPEJOS) - ???
32604,LIRIA,Parpadeo...,32605,CONVERSATION,INT. CORAZÓN DEL LABERINTO (LABERINTO DE ESPEJOS) - ??? 145,231 INT. CORAZÓN DEL LABERINTO (LABERINTO DE ESPEJOS) - ???
32605,LIRIA,Freedom begins and ends with you.,32606,CONVERSATION,INT. CORAZÓN DEL LABERINTO (LABERINTO DE ESPEJOS) - ??? 146,231 INT. CORAZÓN DEL LABERINTO (LABERINTO DE ESPEJOS) - ???
32606,LIRIA,"End this life. Break away from it, and run far away.",32607,CONVERSATION,INT. CORAZÓN DEL LABERINTO (LABERINTO DE ESPEJOS) - ??? 147,231 INT. CORAZÓN DEL LABERINTO (LABERINTO DE ESPEJOS) - ???
32607,LIRIA,Seek out there the freedom you desire.,32608,CONVERSATION,INT. CORAZÓN DEL LABERINTO (LABERINTO DE ESPEJOS) - ??? 148,231 INT. CORAZÓN DEL LABERINTO (LABERINTO DE ESPEJOS) - ???
32608,PARPADEO,...?!,32609,CONVERSATION,INT. CORAZÓN DEL LABERINTO (LABERINTO DE ESPEJOS) - ??? 149,231 INT. CORAZÓN DEL LABERINTO (LABERINTO DE ESPEJOS) - ???
32609,PARPADEO,...,32610,CONVERSATION,INT. CORAZÓN DEL LABERINTO (LABERINTO DE ESPEJOS) - ??? 150,231 INT. CORAZÓN DEL LABERINTO (LABERINTO DE ESPEJOS) - ???
32610,PARPADEO,"*ZAP, ZAP, ZAP*",32611,CONVERSATION,INT. CORAZÓN DEL LABERINTO (LABERINTO DE ESPEJOS) - ??? 151,231 INT. CORAZÓN DEL LABERINTO (LABERINTO DE ESPEJOS) - ???
32611,JUGADOR,You don't deserve an answer. Your path ends here,32612,CONVERSATION,INT. CORAZÓN DEL LABERINTO (LABERINTO DE ESPEJOS) - ??? 152,231 INT. CORAZÓN DEL LABERINTO (LABERINTO DE ESPEJOS) - ???
32612,PARPADEO,How...?,32613,CONVERSATION,INT. CORAZÓN DEL LABERINTO (LABERINTO DE ESPEJOS) - ??? 153,231 INT. CORAZÓN DEL LABERINTO (LABERINTO DE ESPEJOS) - ???
32613,PARPADEO,HOW?!,32614,CONVERSATION,INT. CORAZÓN DEL LABERINTO (LABERINTO DE ESPEJOS) - ??? 154,231 INT. CORAZÓN DEL LABERINTO (LABERINTO DE ESPEJOS) - ???
32614,LIRIA,...!,32615,CONVERSATION,INT. CORAZÓN DEL LABERINTO (LABERINTO DE ESPEJOS) - ??? 155,231 INT. CORAZÓN DEL LABERINTO (LABERINTO DE ESPEJOS) - ???
32615,LIRIA,@NAME!,32616,CONVERSATION,INT. CORAZÓN DEL LABERINTO (LABERINTO DE ESPEJOS) - ??? 156,231 INT. CORAZÓN DEL LABERINTO (LABERINTO DE ESPEJOS) - ???
32616,PARPADEO,*ZA...P...*,32617,CONVERSATION,INT. CORAZÓN DEL LABERINTO (LABERINTO DE ESPEJOS) - ??? 157,231 INT. CORAZÓN DEL LABERINTO (LABERINTO DE ESPEJOS) - ???
32617,LIRIA,...,32618,CONVERSATION,INT. CORAZÓN DEL LABERINTO (LABERINTO DE ESPEJOS) - ??? 158,231 INT. CORAZÓN DEL LABERINTO (LABERINTO DE ESPEJOS) - ???
32618,LIRIA,Parpadeo...,,END,INT. CORAZÓN DEL LABERINTO (LABERINTO DE ESPEJOS) - ??? 159,231 INT. CORAZÓN DEL LABERINTO (LABERINTO DE ESPEJOS) - ???
33701,LIRIA,"Ah, yes...",33702,CONVERSATION,INT. SALIDA DEL LABERINTO DE ESPEJOS - AMANECER 1,232 INT. SALIDA DEL LABERINTO DE ESPEJOS - AMANECER
33702,LIRIA,Fresh air... At last.,33703,CONVERSATION,INT. SALIDA DEL LABERINTO DE ESPEJOS - AMANECER 2,232 INT. SALIDA DEL LABERINTO DE ESPEJOS - AMANECER
33703,LIRIA,It feels like it's never been this fresh...,33704,CONVERSATION,INT. SALIDA DEL LABERINTO DE ESPEJOS - AMANECER 3,232 INT. SALIDA DEL LABERINTO DE ESPEJOS - AMANECER
33704,LIRIA,"Could it be related to Parpadeo's influence, somehow?",33705,CONVERSATION,INT. SALIDA DEL LABERINTO DE ESPEJOS - AMANECER 4,232 INT. SALIDA DEL LABERINTO DE ESPEJOS - AMANECER
33705,LIRIA,After how badly we had it in there...,33706,CONVERSATION,INT. SALIDA DEL LABERINTO DE ESPEJOS - AMANECER 5,232 INT. SALIDA DEL LABERINTO DE ESPEJOS - AMANECER
33706,LIRIA,I guess a bit of positive reinforcement is welcome!,33707,CONVERSATION,INT. SALIDA DEL LABERINTO DE ESPEJOS - AMANECER 6,232 INT. SALIDA DEL LABERINTO DE ESPEJOS - AMANECER
33707,LIRIA,I think it could be interesting to take advantage of this little boost to get moving...,33747,CONVERSATION,INT. SALIDA DEL LABERINTO DE ESPEJOS - AMANECER 7,232 INT. SALIDA DEL LABERINTO DE ESPEJOS - AMANECER
33708,LIRIA,"About this, @NAME...",33709,CONVERSATION,INT. SALIDA DEL LABERINTO DE ESPEJOS - AMANECER 8,232 INT. SALIDA DEL LABERINTO DE ESPEJOS - AMANECER
33709,LIRIA,I think it might be good to talk a bit about what just happened in there.,33710,CONVERSATION,INT. SALIDA DEL LABERINTO DE ESPEJOS - AMANECER 9,232 INT. SALIDA DEL LABERINTO DE ESPEJOS - AMANECER
33710,LIRIA,Why did you decide to finish him off like that?,33711,CONVERSATION,INT. SALIDA DEL LABERINTO DE ESPEJOS - AMANECER 10,232 INT. SALIDA DEL LABERINTO DE ESPEJOS - AMANECER
33711,LIRIA,Why didn't you just let him go?,33712,CONVERSATION,INT. SALIDA DEL LABERINTO DE ESPEJOS - AMANECER 11,232 INT. SALIDA DEL LABERINTO DE ESPEJOS - AMANECER
33712,LIRIA,Parpadeo...,33713,CONVERSATION,INT. SALIDA DEL LABERINTO DE ESPEJOS - AMANECER 12,232 INT. SALIDA DEL LABERINTO DE ESPEJOS - AMANECER
33713,LIRIA,He only longed for freedom.,33714,CONVERSATION,INT. SALIDA DEL LABERINTO DE ESPEJOS - AMANECER 13,232 INT. SALIDA DEL LABERINTO DE ESPEJOS - AMANECER
33714,LIRIA,In a toxic and macabre way.,33715,CONVERSATION,INT. SALIDA DEL LABERINTO DE ESPEJOS - AMANECER 14,232 INT. SALIDA DEL LABERINTO DE ESPEJOS - AMANECER
33715,LIRIA,But he was only a prisoner in a gilded cage.,33716,CONVERSATION,INT. SALIDA DEL LABERINTO DE ESPEJOS - AMANECER 15,232 INT. SALIDA DEL LABERINTO DE ESPEJOS - AMANECER
33716,LIRIA,"A slave to his beliefs, to his thoughts, to his lair...",33717,CONVERSATION,INT. SALIDA DEL LABERINTO DE ESPEJOS - AMANECER 16,232 INT. SALIDA DEL LABERINTO DE ESPEJOS - AMANECER
33717,LIRIA,...And a slave to the Siren.,33718,CONVERSATION,INT. SALIDA DEL LABERINTO DE ESPEJOS - AMANECER 17,232 INT. SALIDA DEL LABERINTO DE ESPEJOS - AMANECER
33718,LIRIA,"Maybe you don't agree with me, but...",33719,CONVERSATION,INT. SALIDA DEL LABERINTO DE ESPEJOS - AMANECER 18,232 INT. SALIDA DEL LABERINTO DE ESPEJOS - AMANECER
33719,LIRIA,After getting to know a bit more about him...,33720,CONVERSATION,INT. SALIDA DEL LABERINTO DE ESPEJOS - AMANECER 19,232 INT. SALIDA DEL LABERINTO DE ESPEJOS - AMANECER
33720,LIRIA,I think he might have deserved a second chance.,33721,CONVERSATION,INT. SALIDA DEL LABERINTO DE ESPEJOS - AMANECER 20,232 INT. SALIDA DEL LABERINTO DE ESPEJOS - AMANECER
33721,LIRIA,"What do you think, Soren?",33722,CONVERSATION,INT. SALIDA DEL LABERINTO DE ESPEJOS - AMANECER 21,232 INT. SALIDA DEL LABERINTO DE ESPEJOS - AMANECER
33722,SOREN,I think... you're right.,33723,CONVERSATION,INT. SALIDA DEL LABERINTO DE ESPEJOS - AMANECER 22,232 INT. SALIDA DEL LABERINTO DE ESPEJOS - AMANECER
33723,SOREN,But... I can't stop thinking about something.,33724,CONVERSATION,INT. SALIDA DEL LABERINTO DE ESPEJOS - AMANECER 23,232 INT. SALIDA DEL LABERINTO DE ESPEJOS - AMANECER
33724,SOREN,It's about Parpadeo and his refuge...,33725,CONVERSATION,INT. SALIDA DEL LABERINTO DE ESPEJOS - AMANECER 24,232 INT. SALIDA DEL LABERINTO DE ESPEJOS - AMANECER
33725,SOREN,Parpadeo...,33726,CONVERSATION,INT. SALIDA DEL LABERINTO DE ESPEJOS - AMANECER 25,232 INT. SALIDA DEL LABERINTO DE ESPEJOS - AMANECER
33726,SOREN,He's been one of the fastest warriors my eyes have ever had the chance to see.,33727,CONVERSATION,INT. SALIDA DEL LABERINTO DE ESPEJOS - AMANECER 26,232 INT. SALIDA DEL LABERINTO DE ESPEJOS - AMANECER
33727,SOREN,"At times, he moved in a totally illogical way... Unprocessable...",33728,CONVERSATION,INT. SALIDA DEL LABERINTO DE ESPEJOS - AMANECER 27,232 INT. SALIDA DEL LABERINTO DE ESPEJOS - AMANECER
33728,SOREN,And even so...,33729,CONVERSATION,INT. SALIDA DEL LABERINTO DE ESPEJOS - AMANECER 28,232 INT. SALIDA DEL LABERINTO DE ESPEJOS - AMANECER
33729,SOREN,He failed.,33730,CONVERSATION,INT. SALIDA DEL LABERINTO DE ESPEJOS - AMANECER 29,232 INT. SALIDA DEL LABERINTO DE ESPEJOS - AMANECER
33730,SOREN,He tried to be everywhere. To cover all the space.,33731,CONVERSATION,INT. SALIDA DEL LABERINTO DE ESPEJOS - AMANECER 30,232 INT. SALIDA DEL LABERINTO DE ESPEJOS - AMANECER
33731,SOREN,"And in the end, somehow... space devoured him.",33732,CONVERSATION,INT. SALIDA DEL LABERINTO DE ESPEJOS - AMANECER 31,232 INT. SALIDA DEL LABERINTO DE ESPEJOS - AMANECER
33732,SOREN,...,33733,CONVERSATION,INT. SALIDA DEL LABERINTO DE ESPEJOS - AMANECER 32,232 INT. SALIDA DEL LABERINTO DE ESPEJOS - AMANECER
33733,SOREN,"We came out victorious from that lair, yes...",33734,CONVERSATION,INT. SALIDA DEL LABERINTO DE ESPEJOS - AMANECER 33,232 INT. SALIDA DEL LABERINTO DE ESPEJOS - AMANECER
33734,SOREN,But now...,33735,CONVERSATION,INT. SALIDA DEL LABERINTO DE ESPEJOS - AMANECER 34,232 INT. SALIDA DEL LABERINTO DE ESPEJOS - AMANECER
33735,SOREN,I feel incomplete.,33736,CONVERSATION,INT. SALIDA DEL LABERINTO DE ESPEJOS - AMANECER 35,232 INT. SALIDA DEL LABERINTO DE ESPEJOS - AMANECER
33736,SOREN,My mind has escaped that crystal hell.,33737,CONVERSATION,INT. SALIDA DEL LABERINTO DE ESPEJOS - AMANECER 36,232 INT. SALIDA DEL LABERINTO DE ESPEJOS - AMANECER
33737,SOREN,But I think a part of my spirit has remained trapped in those mirrors forever.,33738,CONVERSATION,INT. SALIDA DEL LABERINTO DE ESPEJOS - AMANECER 37,232 INT. SALIDA DEL LABERINTO DE ESPEJOS - AMANECER
33738,LIRIA,"Easy, Soren...",33739,CONVERSATION,INT. SALIDA DEL LABERINTO DE ESPEJOS - AMANECER 38,232 INT. SALIDA DEL LABERINTO DE ESPEJOS - AMANECER
33739,LIRIA,There's no doubt Parpadeo was a worthy enemy.,33740,CONVERSATION,INT. SALIDA DEL LABERINTO DE ESPEJOS - AMANECER 39,232 INT. SALIDA DEL LABERINTO DE ESPEJOS - AMANECER
33740,LIRIA,He laid bare many of our own flaws...,33741,CONVERSATION,INT. SALIDA DEL LABERINTO DE ESPEJOS - AMANECER 40,232 INT. SALIDA DEL LABERINTO DE ESPEJOS - AMANECER
33741,LIRIA,"But that doesn't mean we can't learn from them, and overcome them.",33742,CONVERSATION,INT. SALIDA DEL LABERINTO DE ESPEJOS - AMANECER 41,232 INT. SALIDA DEL LABERINTO DE ESPEJOS - AMANECER
33742,LIRIA,"After all, we have something Parpadeo lacked...",33743,CONVERSATION,INT. SALIDA DEL LABERINTO DE ESPEJOS - AMANECER 42,232 INT. SALIDA DEL LABERINTO DE ESPEJOS - AMANECER
33743,LIRIA,Discipline. Temperance. Self-control.,33744,CONVERSATION,INT. SALIDA DEL LABERINTO DE ESPEJOS - AMANECER 43,232 INT. SALIDA DEL LABERINTO DE ESPEJOS - AMANECER
33744,LIRIA,And regarding that strange feeling...,33745,CONVERSATION,INT. SALIDA DEL LABERINTO DE ESPEJOS - AMANECER 44,232 INT. SALIDA DEL LABERINTO DE ESPEJOS - AMANECER
33745,LIRIA,It may be that his influence wasn't the only one spreading through the kingdom.,33746,CONVERSATION,INT. SALIDA DEL LABERINTO DE ESPEJOS - AMANECER 45,232 INT. SALIDA DEL LABERINTO DE ESPEJOS - AMANECER
33746,LIRIA,I think we'll soon find the answer you're looking for.,33747,CONVERSATION,INT. SALIDA DEL LABERINTO DE ESPEJOS - AMANECER 46,232 INT. SALIDA DEL LABERINTO DE ESPEJOS - AMANECER
33747,LIRIA,It seems we still have a lot of work left to do in the north of the kingdom.,33748,CONVERSATION,INT. SALIDA DEL LABERINTO DE ESPEJOS - AMANECER 47,232 INT. SALIDA DEL LABERINTO DE ESPEJOS - AMANECER
33748,LIRIA,Let's not waste any more time than strictly necessary...,33749,CONVERSATION,INT. SALIDA DEL LABERINTO DE ESPEJOS - AMANECER 48,232 INT. SALIDA DEL LABERINTO DE ESPEJOS - AMANECER
33749,LIRIA,We have to find new threads to pull on.,,END,INT. SALIDA DEL LABERINTO DE ESPEJOS - AMANECER 49,232 INT. SALIDA DEL LABERINTO DE ESPEJOS - AMANECER
